type,title,location,site_visit_date,ROM,solicitationNumber,department,typeOfSetAsideDescription,responseDeadLine,postedDate,naicsCode,award,uiLink,baseType,archiveDate,organizationType,fullParentPathCode,active,fullParentPathName,Queried_NAICS,typeOfSetAside,additionalInfoLink,resourceLinks
Solicitation,"Install Water/Wastewater Mains, ICBM Road",Not Specified,,,W9127826RA044,,Total Small Business Set-Aside (FAR 19.5),2026-05-21T14:00:00-05:00,2026-05-08,237110,,https://sam.gov/workspace/contract/opp/03161e2e31de4fa99dd1811943255935/view,Solicitation,2026-09-30,OFFICE,021.2100.USACE.SAD.SAM.W91278,Yes,DEPT OF DEFENSE.DEPT OF THE ARMY.US ARMY CORPS OF ENGINEERS.ENGINEER DIVISION SOUTH ATLANTIC.ENDIST MOBILE.W074 ENDIST MOBILE,237110,SBA,,
Solicitation,Sam Houston Trail Bridge Replacement,"Lufkin, Texas",,"$1,000,000 and $5,000,000 | $1,000,000 | $5,000,000",127EAV26R0009,,Total Small Business Set-Aside (FAR 19.5),2026-05-29T14:00:00-05:00,2026-05-09,237310,,https://sam.gov/workspace/contract/opp/2408996782a6472e82945cb318d38c0a/view,Solicitation,2026-06-13,OFFICE,012.12C2.128371,Yes,"AGRICULTURE, DEPARTMENT OF.FOREST SERVICE.Southwestern Regional Office, Region 3",237310,SBA,,"['https://sam.gov/api/prod/opps/v3/opportunities/resources/files/0cd090d330d34b6c80bf5237cd6e60dc/download', 'https://sam.gov/api/prod/opps/v3/opportunities/resources/files/32f2c934ce5f4ed191a4acf01f55b35c/download', 'https://sam.gov/api/prod/opps/v3/opportunities/resources/files/4158394b93e94f20b7db19a18b594da5/download', 'https://sam.gov/api/prod/opps/v3/opportunities/resources/files/51a3a1338bda43c6b9d7e0492976c06e/download', 'https://sam.gov/api/prod/opps/v3/opportunities/resources/files/59de6b1224c84a949b28340dee9ef0b7/download', 'https://sam.gov/api/prod/opps/v3/opportunities/resources/files/63035d4427c24b1ca1d1a131bfc1783d/download', 'https://sam.gov/api/prod/opps/v3/opportunities/resources/files/842869e56e5b4dcf9e30d1b4ee03ea31/download', 'https://sam.gov/api/prod/opps/v3/opportunities/resources/files/860349aa666a497a975ba32d453afc41/download', 'https://sam.gov/api/prod/opps/v3/opportunities/resources/files/98330a7f163b4cc3baa86a8c18737e09/download']"
Solicitation,Y--GLBA REHAB WATERLINE,Not Specified,,,140P9726R0002,,Total Small Business Set-Aside (FAR 19.5),2026-06-08T17:00:00-04:00,2026-05-12,237110,,https://sam.gov/workspace/contract/opp/88c525b851ad413699bb0ce8cba86429/view,Solicitation,2026-06-23,OFFICE,014.1443.140P97,Yes,"INTERIOR, DEPARTMENT OF THE.NATIONAL PARK SERVICE.ALASKA REGIONAL OFFICE(97000)",237110,SBA,,"['https://sam.gov/api/prod/opps/v3/opportunities/resources/files/2b7db0bb32be43dd8156318fe77c4d42/download', 'https://sam.gov/api/prod/opps/v3/opportunities/resources/files/3cecaf849ed64471a34ab809d9408c9b/download', 'https://sam.gov/api/prod/opps/v3/opportunities/resources/files/41a61f73b7b6468fa6e8728e96b53a5e/download', 'https://sam.gov/api/prod/opps/v3/opportunities/resources/files/476f84b75d004db7a72db2e7afbca6fb/download', 'https://sam.gov/api/prod/opps/v3/opportunities/resources/files/5013b98152a74dc09bb7760801b6af6e/download', 'https://sam.gov/api/prod/opps/v3/opportunities/resources/files/5c896eab98574fe3b3d6cf35e96030c6/download', 'https://sam.gov/api/prod/opps/v3/opportunities/resources/files/61a60bb05bc6469081117492b316e3ba/download', 'https://sam.gov/api/prod/opps/v3/opportunities/resources/files/69a4af1188a841f48eebc62a9f3add7b/download', 'https://sam.gov/api/prod/opps/v3/opportunities/resources/files/8a026241a4d544908b239632c3785ca8/download', 'https://sam.gov/api/prod/opps/v3/opportunities/resources/files/da8139d20ffb407781d8729f3a326983/download', 'https://sam.gov/api/prod/opps/v3/opportunities/resources/files/e899006e66b64d379452a777b3e382d7/download', 'https://sam.gov/api/prod/opps/v3/opportunities/resources/files/f605025e9d4f44f5bb8d9859518ca8b0/download', 'https://sam.gov/api/prod/opps/v3/opportunities/resources/files/f81bf1ab110d474eb036268a3f12c91e/download']"
Solicitation,DESGIN BUILD/DESIGN BID BUILD ENVIRONMENTAL INFRASTRUCTURE MATOC  ,Not Specified,,$1M to $15M | $1 million and $15 Million | approximately $1 million,W912P526RA008,,Total Small Business Set-Aside (FAR 19.5),2026-06-09T01:00:00-05:00,2026-05-27,237110,,https://sam.gov/workspace/contract/opp/d5d54856077f45988739a9a180484f4b/view,Solicitation,2027-05-27,OFFICE,021.2100.USACE.LRD.LRN.W912P5,Yes,DEPT OF DEFENSE.DEPT OF THE ARMY.US ARMY CORPS OF ENGINEERS.ENGINEER DIVISION GREAT LAKES AND OHIO.ENDIST NASHVILLE.W072 ENDIST NASHVILLE,237110,SBA,,
Solicitation,Z2NE--544-22-115 Replace Water and Fire Piping Loop,"Columbia, South Carolina",,,36C24726R0074,,Service-Disabled Veteran-Owned Small Business Set Aside,2026-06-10T15:00:00-04:00,2026-05-30,237110,,https://sam.gov/workspace/contract/opp/aeb4806e0d2341a68795e240ca3bebfd/view,Solicitation,2026-06-25,OFFICE,036.3600.36C247,Yes,"VETERANS AFFAIRS, DEPARTMENT OF.VETERANS AFFAIRS, DEPARTMENT OF.247-NETWORK CONTRACT OFFICE 7 (36C247)",237110,SDVOSBC,,"['https://sam.gov/api/prod/opps/v3/opportunities/resources/files/0514ed9d062743288880d4f300fc9277/download', 'https://sam.gov/api/prod/opps/v3/opportunities/resources/files/05c7e0eda5f1402492bce02d3411a4fd/download', 'https://sam.gov/api/prod/opps/v3/opportunities/resources/files/161f2ee1ad4e4d1da8162b61ccc80b84/download', 'https://sam.gov/api/prod/opps/v3/opportunities/resources/files/250a0ff4d76b4276ad96feebc9b350cd/download', 'https://sam.gov/api/prod/opps/v3/opportunities/resources/files/348363bbb2044253a02de11bda2a6793/download', 'https://sam.gov/api/prod/opps/v3/opportunities/resources/files/41fc71eae4c44cd29c7076bfc90035eb/download', 'https://sam.gov/api/prod/opps/v3/opportunities/resources/files/4689acf4e68549349bc0c9ce5482dd38/download', 'https://sam.gov/api/prod/opps/v3/opportunities/resources/files/4f73fd09415c424a99767d5e848a8a91/download', 'https://sam.gov/api/prod/opps/v3/opportunities/resources/files/566015c58b3f48f5900eec889d5b9487/download', 'https://sam.gov/api/prod/opps/v3/opportunities/resources/files/810f4b4156a14289bd42e04ae269480d/download', 'https://sam.gov/api/prod/opps/v3/opportunities/resources/files/b28e84dc52b949af9235922586ad2be5/download', 'https://sam.gov/api/prod/opps/v3/opportunities/resources/files/d442c8bb194b4b6c91a65cf5ff750edc/download', 'https://sam.gov/api/prod/opps/v3/opportunities/resources/files/e7c407c166154ae085bdf6dffc6756c2/download']"
Solicitation,CA-FWS MODOC NWR-WATER MAIN REPAIR,Not Specified,,"$50,000 to $65,000.00 | $50,000 | $65,000.00",140FC326Q0024,,Total Small Business Set-Aside (FAR 19.5),2026-06-15T15:00:00-04:00,2026-05-15,237110,,https://sam.gov/workspace/contract/opp/1f83f0d246e840f3bdad389c5e7f6b6b/view,Solicitation,2026-06-30,OFFICE,014.1448.140F1B,Yes,"INTERIOR, DEPARTMENT OF THE.US FISH AND WILDLIFE SERVICE.FWS CONSTRUCTION & A/E - BIL/DISASTER",237110,SBA,,
Solicitation,PAIS WASTE WATER TANK REPLACEMENT,Not Specified,,,140P6326Q0022,,Indian Small Business Economic Enterprise (ISBEE) Set-Aside (specific to Department of Interior and Indian Health Services),2026-06-22T12:00:00-06:00,2026-05-13,237110,,https://sam.gov/workspace/contract/opp/4a761e7b04f647798fb28158552d0906/view,Presolicitation,2026-07-07,OFFICE,014.1443.140P63,Yes,"INTERIOR, DEPARTMENT OF THE.NATIONAL PARK SERVICE.MWR NEKOTA(63000)",237110,ISBEE,,"['https://sam.gov/api/prod/opps/v3/opportunities/resources/files/5163c7788d584eac8d13e7cc8378d33b/download', 'https://sam.gov/api/prod/opps/v3/opportunities/resources/files/53a0cd30b68a40bdb8dfefa6f101dae7/download', 'https://sam.gov/api/prod/opps/v3/opportunities/resources/files/760c545f4cac4357ac3df5dfd2b589bb/download', 'https://sam.gov/api/prod/opps/v3/opportunities/resources/files/dbd169bea3ff4c1caaf8bb2e8c44b033/download']"
Solicitation,"FORT MYERS BEACH HARBOR, MAINTENANCE DREDGING LEE COUNTY, FLORIDA",Not Specified,,"$5,000,000.00 and $10,000,000.00 | $37 million | $5,000,000.00",GROUP1-26-R-J002,,Total Small Business Set-Aside (FAR 19.5),2026-05-15T14:00:00-04:00,2026-05-14,237990,,https://sam.gov/workspace/contract/opp/7abc05664f8e4df792aee0350b11f31c/view,Solicitation,2026-10-01,OFFICE,021.2100.USACE.SAD.SAJ.W912EP,Yes,DEPT OF DEFENSE.DEPT OF THE ARMY.US ARMY CORPS OF ENGINEERS.ENGINEER DIVISION SOUTH ATLANTIC.ENDIST JACKSONVILLE.W074 ENDIST JACKSNVLLE,237990,SBA,,"['https://sam.gov/api/prod/opps/v3/opportunities/resources/files/14386312afbb4c7386e036d85ee27504/download', 'https://sam.gov/api/prod/opps/v3/opportunities/resources/files/2e92847f396f4c2ba74208909d2f2752/download']"
Solicitation,Z--LARO SEVEN BAYS LIFT STATION REPAIRS,Not Specified,,,140P8326Q0033,,Total Small Business Set-Aside (FAR 19.5),2026-06-05T15:00:00-07:00,2026-05-27,237110,,https://sam.gov/workspace/contract/opp/38ea50be129b4537a035fa66760e0213/view,Solicitation,2026-06-20,OFFICE,014.1443.140P83,Yes,"INTERIOR, DEPARTMENT OF THE.NATIONAL PARK SERVICE.PWR OLYM MABO(83000)",237110,SBA,,
Solicitation,Z--Red Mountain Road Upgrade 2026,Not Specified,,,140L1226R0004,,Total Small Business Set-Aside (FAR 19.5),2026-05-18T17:00:00-07:00,2026-05-08,237310,,https://sam.gov/workspace/contract/opp/6423c598e47c4c5fafc4dd34687e5a16/view,Solicitation,2026-06-02,OFFICE,014.1422.140L12,Yes,"INTERIOR, DEPARTMENT OF THE.BUREAU OF LAND MANAGEMENT.CALIFORNIA STATE OFFICE",237310,SBA,,"['https://sam.gov/api/prod/opps/v3/opportunities/resources/files/245c091342d84f06959bb9a2bea3d1a8/download', 'https://sam.gov/api/prod/opps/v3/opportunities/resources/files/2f2995b0b6ba47f28ee8e3a25fb1d11d/download', 'https://sam.gov/api/prod/opps/v3/opportunities/resources/files/39cd1332e18e45718a9fb32eb12b991c/download', 'https://sam.gov/api/prod/opps/v3/opportunities/resources/files/63aaeea2cbb54762a908298354197c46/download', 'https://sam.gov/api/prod/opps/v3/opportunities/resources/files/7f0baca9dab84c738adec2d97991a218/download', 'https://sam.gov/api/prod/opps/v3/opportunities/resources/files/848b3b5570e6497099ee573e280eb2ce/download', 'https://sam.gov/api/prod/opps/v3/opportunities/resources/files/a232c95004284e6a89477fbd6a8844ab/download', 'https://sam.gov/api/prod/opps/v3/opportunities/resources/files/a71e86fe10734c2c86fc467dad2356d3/download', 'https://sam.gov/api/prod/opps/v3/opportunities/resources/files/bfaf0d59ca194b4eaae7bb29a0bb8782/download', 'https://sam.gov/api/prod/opps/v3/opportunities/resources/files/d4d08af6970c4737acc78c70b831b157/download', 'https://sam.gov/api/prod/opps/v3/opportunities/resources/files/e231951fd0b840c7b67bd90a5d136cb6/download', 'https://sam.gov/api/prod/opps/v3/opportunities/resources/files/f58217f703734d8bb7dba1ba9c80cc33/download']"
Solicitation,M--Boardwalk Replacement @ CUVA,Not Specified,,,140P6426B0005,,Total Small Business Set-Aside (FAR 19.5),2026-05-27T12:00:00-04:00,2026-05-20,237990,,https://sam.gov/workspace/contract/opp/0e747d2ede3d45fbbb51ff4c483c7229/view,Solicitation,2026-09-30,OFFICE,014.1443.140P64,Yes,"INTERIOR, DEPARTMENT OF THE.NATIONAL PARK SERVICE.MWR OHIO(64000)",237990,SBA,,
Solicitation,Y--Arkansas Valley Conduit - Crowley Reach 1,Not Specified,,,140R6026R0001,,Total Small Business Set-Aside (FAR 19.5),2026-05-29T14:00:00-06:00,2026-05-20,237110,,https://sam.gov/workspace/contract/opp/effb36308dc4432483922e1d6622dbb8/view,Solicitation,2026-06-13,OFFICE,014.1425.140R60,Yes,"INTERIOR, DEPARTMENT OF THE.BUREAU OF RECLAMATION.GREAT PLAINS REGIONAL OFFICE",237110,SBA,,
Solicitation,F--PAGR MEK SURFACE REHAB ,Not Specified,,,140P4526Q0022,,Total Small Business Set-Aside (FAR 19.5),2026-06-08T14:00:00-04:00,2026-06-01,237310,,https://sam.gov/workspace/contract/opp/a3a0e16921db4c2d99e130fe5fbd0dea/view,Solicitation,2026-06-23,OFFICE,014.1443.140P43,Yes,"INTERIOR, DEPARTMENT OF THE.NATIONAL PARK SERVICE.NER SERVICES MABO (43000)",237310,SBA,,
Solicitation,Z--PAGR RESTORE MAINT. LOT ,Not Specified,,,140P4526Q0021,,Total Small Business Set-Aside (FAR 19.5),2026-06-09T14:00:00-04:00,2026-06-01,237310,,https://sam.gov/workspace/contract/opp/3fa5c2b1fcda425db64aff98876ed622/view,Solicitation,2026-06-24,OFFICE,014.1443.140P43,Yes,"INTERIOR, DEPARTMENT OF THE.NATIONAL PARK SERVICE.NER SERVICES MABO (43000)",237310,SBA,,
Solicitation,"Levee Repairs at Saline County Levee District #2, Ray-Carroll Bottoms Consolidated Levee District of Carroll County, and Howard County Levee District #4",Not Specified,,"$250,000 and $500,000 | estimated price range: Between $250,000 and $500,000 | $250,000",W912DQ26BA005,,Total Small Business Set-Aside (FAR 19.5),2026-06-02T13:00:00-05:00,2026-05-22,237990,,https://sam.gov/workspace/contract/opp/48207da8778f4881bc16c71d4d180df1/view,Solicitation,2027-05-22,OFFICE,021.2100.USACE.NWD.NWK.W912DQ,Yes,DEPT OF DEFENSE.DEPT OF THE ARMY.US ARMY CORPS OF ENGINEERS.ENGINEER DIVISION NORTHWESTERN.ENDIST KANSAS CITY.W071 ENDIST KANSAS CITY,237990,SBA,,"['https://sam.gov/api/prod/opps/v3/opportunities/resources/files/191285926af14439bc6e6ac40b540160/download', 'https://sam.gov/api/prod/opps/v3/opportunities/resources/files/6bd609e8d95f437e8fac773094b85480/download', 'https://sam.gov/api/prod/opps/v3/opportunities/resources/files/a2d261090bf745259f5331bf477e57a3/download', 'https://sam.gov/api/prod/opps/v3/opportunities/resources/files/f8a9e849c0134a0399f9ffbf44288fb4/download']"
Special Notice,Phillips Parkway Haul Route,"Cape Canaveral, Florida",,,W9127826RA025,,Total Small Business Set-Aside (FAR 19.5),,2026-05-12,237310,,https://sam.gov/workspace/contract/opp/c2a9c0ed0c2c4b48b20f207904ffc959/view,Solicitation,2026-07-31,OFFICE,021.2100.USACE.SAD.SAM.W91278,Yes,DEPT OF DEFENSE.DEPT OF THE ARMY.US ARMY CORPS OF ENGINEERS.ENGINEER DIVISION SOUTH ATLANTIC.ENDIST MOBILE.W074 ENDIST MOBILE,237310,SBA,,"['https://sam.gov/api/prod/opps/v3/opportunities/resources/files/1ffb2e9d6c5143b08f93e288ebc85e8f/download', 'https://sam.gov/api/prod/opps/v3/opportunities/resources/files/2b83ff94a96c4976b13a4b29c6609574/download', 'https://sam.gov/api/prod/opps/v3/opportunities/resources/files/546b0ba53ac444a49e74c87d372ae435/download', 'https://sam.gov/api/prod/opps/v3/opportunities/resources/files/86ee4cc27101485fb7b03c2a08f3c202/download', 'https://sam.gov/api/prod/opps/v3/opportunities/resources/files/a7c04b9f42504438bc7c15f6a1f471f9/download']"
Solicitation,Yuba Gravel Placement,"LINDA, California",,,W9123826QA014,,Total Small Business Set-Aside (FAR 19.5),2026-06-04T11:00:00-07:00,2026-06-02,237990,,https://sam.gov/workspace/contract/opp/478d1634a5b74dc6b0d7a87dc085b8f6/view,Solicitation,2026-06-19,OFFICE,021.2100.USACE.SPD.SPK.W91238,Yes,DEPT OF DEFENSE.DEPT OF THE ARMY.US ARMY CORPS OF ENGINEERS.ENGINEER DIVISION SOUTH PACIFIC.ENDIST SACRAMENTO.W075 ENDIST SACRAMENTO,237990,SBA,,
Solicitation,Z--Provide Maintenance of Roadway - Roadway Stripping,"Asheville, North Carolina",,,140P5126Q0020,,Total Small Business Set-Aside (FAR 19.5),2026-06-06T13:00:00-04:00,2026-05-21,237310,,https://sam.gov/workspace/contract/opp/df3c33ccc31b43fd96b46035ff53e8fd/view,Solicitation,2026-06-20,OFFICE,014.1443.140P51,Yes,"INTERIOR, DEPARTMENT OF THE.NATIONAL PARK SERVICE.SER EAST MABO(51000)",237310,SBA,,
Solicitation,Danville National Cemetery – National Shrine Project 809-NSP25-006,"Danville, Illinois",,,36C78626B0009,,Service-Disabled Veteran-Owned Small Business Set Aside,2026-06-08T10:00:00-05:00,2026-05-12,237990,,https://sam.gov/workspace/contract/opp/558b0887af6746c4b3a0925c346e7d7b/view,Solicitation,2026-06-23,OFFICE,036.3600.36C786,Yes,"VETERANS AFFAIRS, DEPARTMENT OF.VETERANS AFFAIRS, DEPARTMENT OF.NATIONAL CEMETERY ADMIN (36C786)",237990,SDVOSBC,,"['https://sam.gov/api/prod/opps/v3/opportunities/resources/files/00aa7d61cc80495585ef1ab2113fc90c/download', 'https://sam.gov/api/prod/opps/v3/opportunities/resources/files/03b3b70efaac420d935952119ae708af/download', 'https://sam.gov/api/prod/opps/v3/opportunities/resources/files/0e9a7b0b98a34da1816f36968a7466bb/download', 'https://sam.gov/api/prod/opps/v3/opportunities/resources/files/238bc8bba26445e3ba5cb25bec0fd8ac/download', 'https://sam.gov/api/prod/opps/v3/opportunities/resources/files/30439ce881174df88892d1325a37e01b/download', 'https://sam.gov/api/prod/opps/v3/opportunities/resources/files/3b54b8867b734e52a983544c0cc27ff3/download', 'https://sam.gov/api/prod/opps/v3/opportunities/resources/files/47b5bdd523864123aaf48e7b409faf45/download', 'https://sam.gov/api/prod/opps/v3/opportunities/resources/files/629e9b6d98624dc98435f267a201e02d/download', 'https://sam.gov/api/prod/opps/v3/opportunities/resources/files/6e215ddb9bae47408583f351eb34baea/download', 'https://sam.gov/api/prod/opps/v3/opportunities/resources/files/72658bdf872b446a85ca3d776a5202ea/download', 'https://sam.gov/api/prod/opps/v3/opportunities/resources/files/73795907425d4c86b5834d8c54cde7a7/download', 'https://sam.gov/api/prod/opps/v3/opportunities/resources/files/9c30756ee3994ed5a24bdb91b34ceabf/download', 'https://sam.gov/api/prod/opps/v3/opportunities/resources/files/a7542108ed534fc183424cde2da476ae/download', 'https://sam.gov/api/prod/opps/v3/opportunities/resources/files/dd9260937175419cbfeade27d1881f5f/download', 'https://sam.gov/api/prod/opps/v3/opportunities/resources/files/e95ade8e96eb4b3bbc23f2825dba9419/download', 'https://sam.gov/api/prod/opps/v3/opportunities/resources/files/ea078574860e4245b1e210d50a60692a/download', 'https://sam.gov/api/prod/opps/v3/opportunities/resources/files/fb38eaebcedb4640850e5fe5a0d4d66a/download']"
Solicitation,Y--VOYA 335009 N191 REHAB RAINY AND ASH ,Not Specified,,,140P2026R0045,,Total Small Business Set-Aside (FAR 19.5),2026-06-09T09:00:00-06:00,2026-06-03,237310,,https://sam.gov/workspace/contract/opp/e0f3b37b9620410f95b8d2faf1329a66/view,Solicitation,2026-06-24,OFFICE,014.1443.140P20,Yes,"INTERIOR, DEPARTMENT OF THE.NATIONAL PARK SERVICE.DSC CONTRACTING SERVICES DIVISION",237310,SBA,,
Solicitation,FY26 REDWOOD CITY CHANNEL MAINTENANCE DREDGING PROJECT,Not Specified,,"$5,000,000 - $10,000,000 | Estimated Cost Range is between $5,000,000 - $10,000,000 | $37,000,000",W912P726BA002,,Total Small Business Set-Aside (FAR 19.5),2026-06-11T12:00:00-07:00,2026-06-03,237990,,https://sam.gov/workspace/contract/opp/1a8ee02705ec44acb576aa31fec7031f/view,Solicitation,2026-07-31,OFFICE,021.2100.USACE.SPD.SPN.W912P7,Yes,DEPT OF DEFENSE.DEPT OF THE ARMY.US ARMY CORPS OF ENGINEERS.ENGINEER DIVISION SOUTH PACIFIC.ENDIST SAN FRANCISCO.W075 ENDIST SAN FRAN,237990,SBA,,
Solicitation,Project # 962CM3003 | Cemetery Improvement Project at Mare  Island Naval Cemetery,"Vallejo, California",,"$5,000,000 and $10,000,000 | $5,000,000 | $10,000,000",36C78626R0059_1,,Service-Disabled Veteran-Owned Small Business Set Aside,2026-06-12T12:30:00-04:00,2026-05-26,237990,,https://sam.gov/workspace/contract/opp/6fc2bf12ae0d49a0804b72b6267366bd/view,Solicitation,2026-07-30,OFFICE,036.3600.36C786,Yes,"VETERANS AFFAIRS, DEPARTMENT OF.VETERANS AFFAIRS, DEPARTMENT OF.NATIONAL CEMETERY ADMIN (36C786)",237990,SDVOSBC,,
Solicitation,INDIAN WELLS CYN RD O&M,Not Specified,,,140L1226R0002,,Total Small Business Set-Aside (FAR 19.5),2026-06-15T15:00:00-07:00,2026-05-11,237310,,https://sam.gov/workspace/contract/opp/944bf9bbe29c4b25bce61e6625358d21/view,Presolicitation,2026-06-30,OFFICE,014.1422.140L12,Yes,"INTERIOR, DEPARTMENT OF THE.BUREAU OF LAND MANAGEMENT.CALIFORNIA STATE OFFICE",237310,SBA,,"['https://sam.gov/api/prod/opps/v3/opportunities/resources/files/2475ec344cf747e5875f0a41abea0e3a/download', 'https://sam.gov/api/prod/opps/v3/opportunities/resources/files/8b0ebe4a5255488d8cec6d966cc029f2/download', 'https://sam.gov/api/prod/opps/v3/opportunities/resources/files/b655586a5b0640c5aebb2589aa50ccb4/download', 'https://sam.gov/api/prod/opps/v3/opportunities/resources/files/bc966a7d82ef4ccab29a8fe8733dce6c/download']"
Solicitation,BESSEMER MINE ROAD O&M,Not Specified,,,140L1226R0003,,Total Small Business Set-Aside (FAR 19.5),2026-06-15T15:00:00-07:00,2026-05-11,237310,,https://sam.gov/workspace/contract/opp/3359b6be4b064f5d8bc1e9448c98140b/view,Presolicitation,2026-06-30,OFFICE,014.1422.140L12,Yes,"INTERIOR, DEPARTMENT OF THE.BUREAU OF LAND MANAGEMENT.CALIFORNIA STATE OFFICE",237310,SBA,,"['https://sam.gov/api/prod/opps/v3/opportunities/resources/files/1ca428a727984ee9900e9ee1ff2cf89e/download', 'https://sam.gov/api/prod/opps/v3/opportunities/resources/files/222c969736fc47a9b3677f4363bed1e3/download', 'https://sam.gov/api/prod/opps/v3/opportunities/resources/files/3b927d66de5e4c14b57062d4ec1be1be/download', 'https://sam.gov/api/prod/opps/v3/opportunities/resources/files/62955199421b49c0815379d3d5d5ced0/download']"
Solicitation,Z--GAOA SOAP GULCH ROAD,Not Specified,,,140L3626Q0021,,Total Small Business Set-Aside (FAR 19.5),2026-06-22T13:00:00-06:00,2026-05-22,237310,,https://sam.gov/workspace/contract/opp/7a4bbcca0b9645aba4aa6789e596ac5f/view,Solicitation,2026-07-07,OFFICE,014.1422.140L36,Yes,"INTERIOR, DEPARTMENT OF THE.BUREAU OF LAND MANAGEMENT.MONTANA STATE OFFICE",237310,SBA,,"['https://sam.gov/api/prod/opps/v3/opportunities/resources/files/27799ce462f74e5d9b9cdaffae61bf98/download', 'https://sam.gov/api/prod/opps/v3/opportunities/resources/files/4207706052834b06b46363d72e7a8022/download', 'https://sam.gov/api/prod/opps/v3/opportunities/resources/files/42d7423004d24bbf961aca8d87e87e4f/download', 'https://sam.gov/api/prod/opps/v3/opportunities/resources/files/944885b437e94d568d77627e2a7c699e/download', 'https://sam.gov/api/prod/opps/v3/opportunities/resources/files/9d17293048444e2a85ce1b2dc88f8bca/download', 'https://sam.gov/api/prod/opps/v3/opportunities/resources/files/f142c35f71c74ae4bcf41311dd18e6fa/download', 'https://sam.gov/api/prod/opps/v3/opportunities/resources/files/ff533c5ea9e94a5f828d3f47605b6d58/download']"
Solicitation,KNRI REPLACE VC SANITARY PLUMBING/SEPTIC,"Stanton, North Dakota",,,140P6326B0006,,Indian Small Business Economic Enterprise (ISBEE) Set-Aside (specific to Department of Interior and Indian Health Services),2026-06-23T13:00:00-06:00,2026-05-15,237110,,https://sam.gov/workspace/contract/opp/b5b282e4352d4cd19087ef087c8ecb3d/view,Sources Sought,2026-07-08,OFFICE,014.1443.140P63,Yes,"INTERIOR, DEPARTMENT OF THE.NATIONAL PARK SERVICE.MWR NEKOTA(63000)",237110,ISBEE,,
Solicitation,NPS - REPAIR EQUIPMENT STORAGE SHED AT CARL,Not Specified,,,140PS126Q0015,,Total Small Business Set-Aside (FAR 19.5),2026-06-23T17:00:00-04:00,2026-05-14,237990,,https://sam.gov/workspace/contract/opp/68dfc5e920074ba293e9a585fd5e8a16/view,Solicitation,2026-07-08,OFFICE,014.1443.140PS1,Yes,"INTERIOR, DEPARTMENT OF THE.NATIONAL PARK SERVICE.DOI, NPS CONOPS STRATEGIC",237990,SBA,,"['https://sam.gov/api/prod/opps/v3/opportunities/resources/files/12fd737b3b5e45a1b8f24ce405427f70/download', 'https://sam.gov/api/prod/opps/v3/opportunities/resources/files/5b3d10bb2ec1483cbe99a50614922c50/download', 'https://sam.gov/api/prod/opps/v3/opportunities/resources/files/b1646cdf6da64b5db2b24891b272a9c2/download', 'https://sam.gov/api/prod/opps/v3/opportunities/resources/files/b61cff99fab548e6a490f14cc4fe34f5/download', 'https://sam.gov/api/prod/opps/v3/opportunities/resources/files/c1cd42eb49ed42d295125090384725f8/download']"
Solicitation,VGLZ 182035 REPAIR BASE PERIMETER ROAD,Not Specified,,,W50S8526BA001,,Total Small Business Set-Aside (FAR 19.5),2026-06-24T12:00:00-04:00,2026-06-01,237310,,https://sam.gov/workspace/contract/opp/40944d0c547f41ea90c00b1c98742eb5/view,Solicitation,2027-06-01,OFFICE,021.2100.NGB.JFHQ USPFO MI.USPFO MI PROC.W50S85,Yes,DEPT OF DEFENSE.DEPT OF THE ARMY.NATIONAL GUARD BUREAU.JFHQ USPFO MI.USPFO MI PROCUREMENT.W7NF USPFO ACTIVITY MIANG 127,237310,SBA,,
Presolicitation,Y1NZ--580-23-108 Upgrade Sewer Distribution  System,Not Specified,,"$5,000,000 and $10,000,000 | $5,000,000 | $10,000,000",36C25626R0035,,Service-Disabled Veteran-Owned Small Business Set Aside,2026-05-28T13:00:00-05:00,2026-05-14,237110,{'awardee': {}},https://sam.gov/workspace/contract/opp/8766d52cb9934f6b9422a811ac276ed0/view,Presolicitation,2026-06-14,OFFICE,036.3600.36C256,Yes,"VETERANS AFFAIRS, DEPARTMENT OF.VETERANS AFFAIRS, DEPARTMENT OF.256-NETWORK CONTRACT OFFICE 16 (36C256)",237110,SDVOSBC,,"['https://sam.gov/api/prod/opps/v3/opportunities/resources/files/4b1e0093fbe14f55b1bdc8b85deaf825/download', 'https://sam.gov/api/prod/opps/v3/opportunities/resources/files/5912376e1d734c8c9f26793af5267c67/download', 'https://sam.gov/api/prod/opps/v3/opportunities/resources/files/61f1eea11e3241259d7b15860e0f9267/download', 'https://sam.gov/api/prod/opps/v3/opportunities/resources/files/626b5c0bac6c4fb5931d4322fda0ef82/download', 'https://sam.gov/api/prod/opps/v3/opportunities/resources/files/7ab14423e8ce4de1b27e0220a3e4caee/download', 'https://sam.gov/api/prod/opps/v3/opportunities/resources/files/8e7d4a7dfb754489a29e0eec39233b84/download', 'https://sam.gov/api/prod/opps/v3/opportunities/resources/files/9014ea53dca14679bd411e36507e615e/download', 'https://sam.gov/api/prod/opps/v3/opportunities/resources/files/9c7cfbe460e34c9db6e1b2610c768589/download', 'https://sam.gov/api/prod/opps/v3/opportunities/resources/files/da2f34a7493348a084b138421baa39ee/download', 'https://sam.gov/api/prod/opps/v3/opportunities/resources/files/f8d18c8b04c94fd1842e601b481a69ae/download']"
Presolicitation,Y--GRSM NEWFOUND GAP WASTEWATER SYSTEM WORK,Not Specified,,,140P5326R0019,,Total Small Business Set-Aside (FAR 19.5),,2026-05-11,237110,,https://sam.gov/workspace/contract/opp/dece9e97656d4302b0123394315b863c/view,Presolicitation,2026-10-30,OFFICE,014.1443.140P54,Yes,"INTERIOR, DEPARTMENT OF THE.NATIONAL PARK SERVICE.SER SOUTH MABO (54000)",237110,SBA,,['https://sam.gov/api/prod/opps/v3/opportunities/resources/files/b7ab15e1f1ba4b76b07f282f2ed7ff17/download']
Solicitation,BRVB - Entry Courtyard Improvements,"Topeka, Kansas",,,140P6026B0004,,Total Small Business Set-Aside (FAR 19.5),2026-07-01T12:00:00-05:00,2026-05-28,237310,,https://sam.gov/workspace/contract/opp/ef3589ed294848bbbd864dcfd237cf21/view,Sources Sought,2026-07-16,OFFICE,014.1443.140P60,Yes,"INTERIOR, DEPARTMENT OF THE.NATIONAL PARK SERVICE.MWR MIDWEST REGION(60000)",237310,SBA,,"['https://sam.gov/api/prod/opps/v3/opportunities/resources/files/27570a4316d54735a4767e2b3f1879a1/download', 'https://sam.gov/api/prod/opps/v3/opportunities/resources/files/28d781d68fec4407bc62f7de600fea43/download', 'https://sam.gov/api/prod/opps/v3/opportunities/resources/files/38ab58013a4844948308b1490995e89e/download', 'https://sam.gov/api/prod/opps/v3/opportunities/resources/files/5287706fb97d4ed998c4f1bda19d8bd3/download', 'https://sam.gov/api/prod/opps/v3/opportunities/resources/files/791cd643d5cb4bb8a823291e04402be7/download', 'https://sam.gov/api/prod/opps/v3/opportunities/resources/files/8330f9d7145f41b4b41c81a17c41b1de/download']"
Presolicitation,Various Fencing for Gate Perimeter Security - Sources Sought - Pre-Solicitation ,Not Specified,,,W91RUS26R7701,,Total Small Business Set-Aside (FAR 19.5),2026-05-26T12:00:00-07:00,2026-05-12,237990,,https://sam.gov/workspace/contract/opp/5cfb08d438ad480b9e3605f9b329309e/view,Presolicitation,2027-05-12,OFFICE,021.2100.AMC.ACC.ACC-CTRS.ACC-APG.W91RUS,Yes,DEPT OF DEFENSE.DEPT OF THE ARMY.AMC.ACC.ACC-CTRS.ACC-APG.W6QK ACC-APG CONT CT SW SECTOR,237990,SBA,,
Presolicitation,Z2LC--Campus Sinkhole Repair  552-26-506,"Dayton, Ohio",,"$500,000.00 and $1,000,000.00 | $500,000.00 | $1,000,000.00",36C25026B0045,,Service-Disabled Veteran-Owned Small Business Set Aside,2026-06-18T15:00:00-04:00,2026-05-14,237110,{'awardee': {}},https://sam.gov/workspace/contract/opp/6cc66252a2dc4c15bda3dd7f05767469/view,Presolicitation,2026-08-17,OFFICE,036.3600.36C250,Yes,"VETERANS AFFAIRS, DEPARTMENT OF.VETERANS AFFAIRS, DEPARTMENT OF.250-NETWORK CONTRACT OFFICE 10 (36C250)",237110,SDVOSBC,,['https://sam.gov/api/prod/opps/v3/opportunities/resources/files/60da70921290460ba75bd358560dcc2d/download']
Solicitation,FOMA REPLACE NATURE TRAIL BOARDWALK RS,Not Specified,,,140P5426R0010,,Women-Owned Small Business,2026-06-26T13:00:00-04:00,2026-05-27,237990,,https://sam.gov/workspace/contract/opp/2530ec9289e049acb028d857b36cc48e/view,Presolicitation,2026-07-11,OFFICE,014.1443.140P54,Yes,"INTERIOR, DEPARTMENT OF THE.NATIONAL PARK SERVICE.SER SOUTH MABO (54000)",237990,WOSB,,
Solicitation,Crack and Fog Sealing Multiple Locations,Not Specified,,$45M,140P6426Q0073,,Total Small Business Set-Aside (FAR 19.5),2026-06-25T12:00:00-04:00,2026-05-20,237310,,https://sam.gov/workspace/contract/opp/83e009c5b2e94106a314dd7d1f30a0b3/view,Presolicitation,2026-09-30,OFFICE,014.1443.140P64,Yes,"INTERIOR, DEPARTMENT OF THE.NATIONAL PARK SERVICE.MWR OHIO(64000)",237310,SBA,,
Solicitation,"Repair and Widen Taxiways Phase III, PSTE 162013",Not Specified,,"$10,000,000.00 and $25,000,000.00 | $45,000,000.00 | $10,000,000.00",W50S9526BA002,,Total Small Business Set-Aside (FAR 19.5),2026-06-23T14:00:00-04:00,2026-05-19,237310,,https://sam.gov/workspace/contract/opp/a62ceb14c4b3438ba7e7905900fc2f09/view,Solicitation,2027-05-19,OFFICE,021.2100.NGB.JFHQ USPFO SC.USPFO SC PROC.W50S95,Yes,DEPT OF DEFENSE.DEPT OF THE ARMY.NATIONAL GUARD BUREAU.JFHQ USPFO SC.USPFO SC PROCUREMENT.W7NZ USPFO ACTIVITY SCANG 169,237310,SBA,,
Solicitation,"Fort Sam Houston National Cemetery, Phase 3 Expansion - Additional Road Repairs","San Antonio, Texas",,"$1,000,000 and $2,000,000 | $1,000,000 | $2,000,000",36C10F26B0001,,Service-Disabled Veteran-Owned Small Business Set Aside,2026-06-30T14:00:00-04:00,2026-05-28,237310,,https://sam.gov/workspace/contract/opp/bdf7be79b5194995a86699c576002b5a/view,Presolicitation,2026-07-15,OFFICE,036.3600.36C10F,Yes,"VETERANS AFFAIRS, DEPARTMENT OF.VETERANS AFFAIRS, DEPARTMENT OF.OFFICE OF CONSTRUCTION &  FACILITIES MGMT (36C10F)",237310,SDVOSBC,,"['https://sam.gov/api/prod/opps/v3/opportunities/resources/files/10e75a06da654900928bbc101b5d197e/download', 'https://sam.gov/api/prod/opps/v3/opportunities/resources/files/2bf70e9e8da243a08be7ee436fd953de/download', 'https://sam.gov/api/prod/opps/v3/opportunities/resources/files/5ef66ac42ee949e5832749540d67ea95/download', 'https://sam.gov/api/prod/opps/v3/opportunities/resources/files/a1a4702f4c5b4237982f3e065b0c620e/download', 'https://sam.gov/api/prod/opps/v3/opportunities/resources/files/a670178211474d1390a3d70094af68a0/download', 'https://sam.gov/api/prod/opps/v3/opportunities/resources/files/d3a5dccda8c84f96afb518aee82d80a4/download', 'https://sam.gov/api/prod/opps/v3/opportunities/resources/files/fc5a0306206945c78e84035b0c6b3896/download']"
Solicitation,Marine Corps Base Camp Pendleton (MCBCP) Base Operations Support Contract (BOSC),"Oceanside, California",,$47 Million,N6247324R0036,,Total Small Business Set-Aside (FAR 19.5),2026-06-04T14:00:00-07:00,2026-05-18,561210,{'awardee': {'manual': False}},https://sam.gov/workspace/contract/opp/7d0b3c987ba54e488a91bfed9ffc1cc8/view,Solicitation,2026-06-19,OFFICE,017.1700.NAVFAC.NAVFAC PACIFIC CMD.NAVFAC SW.N62473,Yes,DEPT OF DEFENSE.DEPT OF THE NAVY.NAVFAC.NAVFAC PACIFIC CMD.NAVFAC SOUTHWEST SW.NAVFACSYSCOM SOUTHWEST,561210,SBA,,
Solicitation,Facility Maintenance Management and Services,Not Specified,,,N6247326R0039,,Total Small Business Set-Aside (FAR 19.5),2026-05-15T14:00:00-07:00,2026-05-08,561210,,https://sam.gov/workspace/contract/opp/5eff9b9932dd4a1f9421c750318a2850/view,Solicitation,2027-05-08,OFFICE,017.1700.NAVFAC.NAVFAC PACIFIC CMD.NAVFAC SW.N62473,Yes,DEPT OF DEFENSE.DEPT OF THE NAVY.NAVFAC.NAVFAC PACIFIC CMD.NAVFAC SOUTHWEST SW.NAVFACSYSCOM SOUTHWEST,561210,SBA,,['https://sam.gov/api/prod/opps/v3/opportunities/resources/files/43d413d0c4f44852843c447b72b45ee3/download']
Solicitation,Z--Steel Pole Foundations IDIQ UGP/RMR,Not Specified,,,89503426BWA000064,,Total Small Business Set-Aside (FAR 19.5),2026-05-20T16:00:00-05:00,2026-05-12,237130,,https://sam.gov/workspace/contract/opp/d1b838eb4c604737b79c1c17d0abfc0a/view,Solicitation,2026-06-04,OFFICE,089.8900.895034,Yes,"ENERGY, DEPARTMENT OF.ENERGY, DEPARTMENT OF.WESTERN-UPPER GREAT PLAINS REGION",237130,SBA,,
Solicitation,63--PEARL - FY26 REPLACEMENT 6 FIRE ALARM PANELS,Not Specified,,,140P8226Q0038,,Total Small Business Set-Aside (FAR 19.5),2026-06-01T14:30:00-04:00,2026-05-27,238210,,https://sam.gov/workspace/contract/opp/a87e21f836f44d689865607ca1dc7328/view,Solicitation,2026-06-16,OFFICE,014.1443.140P97,Yes,"INTERIOR, DEPARTMENT OF THE.NATIONAL PARK SERVICE.ALASKA REGIONAL OFFICE(97000)",238210,SBA,,
Solicitation,Parachute/ Airborne Boat and Dive Operations Services,"Camp Lejeune, North Carolina",,,M6700126Q0052,,Total Small Business Set-Aside (FAR 19.5),2026-05-20T13:00:00-04:00,2026-05-13,561210,,https://sam.gov/workspace/contract/opp/d947ee5b1b1e4ed0ac4ff6bf6bf5d091/view,Solicitation,2026-06-04,OFFICE,017.1700.USMC.MARCORP I&L.MCICOM.MCIEAST.M67001,Yes,DEPT OF DEFENSE.DEPT OF THE NAVY.USMC.MARCORP I&L.MARINE CORPS INSTALLATIONS COMMAND.MCIEAST.COMMANDING GENERAL,561210,SBA,,"['https://sam.gov/api/prod/opps/v3/opportunities/resources/files/1f79951d3cef4165a1c99e823e449e8e/download', 'https://sam.gov/api/prod/opps/v3/opportunities/resources/files/4988754153f24605b9d651ced4f85901/download']"
Solicitation,Dorm Receptacles,"Goldsboro, North Carolina",,,FA480926Q0030,,Total Small Business Set-Aside (FAR 19.5),2026-05-21T10:00:00-04:00,2026-05-15,238210,,https://sam.gov/workspace/contract/opp/cbbc1fe702e842b8b5cb8a8de504d25b/view,Solicitation,2026-06-05,OFFICE,057.5700.ACC.FA4809,Yes,DEPT OF DEFENSE.DEPT OF THE AIR FORCE.AIR COMBAT COMMAND.FA4809  4TH CONS SQ CC,238210,SBA,,
Solicitation,LTUY252022 Repair B37 MTS by Removal,"Saint Louis, Missouri",,,W50S8K26QA001,,Total Small Business Set-Aside (FAR 19.5),2026-05-27T10:00:00-05:00,2026-05-20,238210,,https://sam.gov/workspace/contract/opp/2d1da85a60d14f109bfc5572f9c5593a/view,Solicitation,2026-06-11,OFFICE,021.2100.NGB.JFHQ USPFO MO.USPFO MO PROC.W50S8K,Yes,DEPT OF DEFENSE.DEPT OF THE ARMY.NATIONAL GUARD BUREAU.JFHQ USPFO MO.USPFO MO PROCUREMENT.W7NJ USPFO ACTIVITY MOANG 131,238210,SBA,,
Solicitation,B-52J Commercial Engine Replacement Program Airfield Runway/Taxiway Light Removal and Replacement,"DWG, Texas",,,FA301626Q0118,,Total Small Business Set-Aside (FAR 19.5),2026-06-05T11:00:00-05:00,2026-05-29,238210,,https://sam.gov/workspace/contract/opp/7a4aeccfe4c24c63967c0d0a374425a6/view,Solicitation,2026-06-20,OFFICE,057.5700.AETC.JBSA.FA3016,Yes,DEPT OF DEFENSE.DEPT OF THE AIR FORCE.AIR EDUCATION AND TRAINING COMMAND.JOINT BASE SAN ANTONIO.FA3016  502 CONS CL,238210,SBA,,"['https://sam.gov/api/prod/opps/v3/opportunities/resources/files/4639ff31a9134d559e3e3fec4f7b165d/download', 'https://sam.gov/api/prod/opps/v3/opportunities/resources/files/8526a8c54c25430b9c558569bf7f1a87/download', 'https://sam.gov/api/prod/opps/v3/opportunities/resources/files/8b1ac5b5b96747b8b5cb58109b5c2b5a/download', 'https://sam.gov/api/prod/opps/v3/opportunities/resources/files/c7e05e080bd74f68ab7ab079bc8873e9/download', 'https://sam.gov/api/prod/opps/v3/opportunities/resources/files/d874443d50244784b38019f4199ffc95/download', 'https://sam.gov/api/prod/opps/v3/opportunities/resources/files/f7a4488348c2438f914b70f0177197cf/download']"
Solicitation,N--GC26 SCADA UPS REPLACEMENT,Not Specified,,,140R4026R0006,,Total Small Business Set-Aside (FAR 19.5),2026-05-26T07:00:00-04:00,2026-05-11,238210,,https://sam.gov/workspace/contract/opp/968b8fbc09ec4feebd31083ee8e43694/view,Solicitation,2026-06-10,OFFICE,014.1425.140R40,Yes,"INTERIOR, DEPARTMENT OF THE.BUREAU OF RECLAMATION.UPPER COLORADO REGIONAL OFFICE",238210,SBA,,"['https://sam.gov/api/prod/opps/v3/opportunities/resources/files/03df14b34ac34dc4bd7630b17d217f66/download', 'https://sam.gov/api/prod/opps/v3/opportunities/resources/files/145a7134ce6c47fb93344c1bc2f1dc3b/download', 'https://sam.gov/api/prod/opps/v3/opportunities/resources/files/268f24a8f3b8462ab2de2c24e5b71ea5/download', 'https://sam.gov/api/prod/opps/v3/opportunities/resources/files/468c53eaf7b84ce084ef15114cb6c836/download', 'https://sam.gov/api/prod/opps/v3/opportunities/resources/files/4888f13aa5614e9c9654ab39288286d7/download', 'https://sam.gov/api/prod/opps/v3/opportunities/resources/files/4e1137c8b66345c39ffe03f2be452827/download', 'https://sam.gov/api/prod/opps/v3/opportunities/resources/files/5a870e531ccd4244918bb2a95c02a21a/download', 'https://sam.gov/api/prod/opps/v3/opportunities/resources/files/6bcf0af746464a26a53b226f2d0e9341/download', 'https://sam.gov/api/prod/opps/v3/opportunities/resources/files/7fb501cdfd584545b06a1e6703989a14/download', 'https://sam.gov/api/prod/opps/v3/opportunities/resources/files/829662b802a241a2bcb52ec42eac9a96/download', 'https://sam.gov/api/prod/opps/v3/opportunities/resources/files/8c008aba4c0044f3aeec8f67d6bb6493/download', 'https://sam.gov/api/prod/opps/v3/opportunities/resources/files/a0a93c3e3e354ab19ebbfc0be1ebc5dc/download', 'https://sam.gov/api/prod/opps/v3/opportunities/resources/files/a190c61556bf46609f49f30d97ce6d44/download', 'https://sam.gov/api/prod/opps/v3/opportunities/resources/files/b19b6209e799420db145de312e0b470c/download', 'https://sam.gov/api/prod/opps/v3/opportunities/resources/files/bb68df96f3cc47c4b5f7fb26ba25a980/download', 'https://sam.gov/api/prod/opps/v3/opportunities/resources/files/e3ed07714bee4753b8aa4a3c075930a5/download', 'https://sam.gov/api/prod/opps/v3/opportunities/resources/files/ebadd86dfe45434da4a3142464208565/download', 'https://sam.gov/api/prod/opps/v3/opportunities/resources/files/fe3408325b5f48a1a477851fa79b8041/download']"
Solicitation,"Base Operations Support (BOS) Maintenance and Service Contract for Naval Air Facility (NAF), El Centro, CA",Not Specified,,,N6247326R0012,,Total Small Business Set-Aside (FAR 19.5),2026-06-03T14:00:00-07:00,2026-05-27,561210,,https://sam.gov/workspace/contract/opp/98a21ee39cca43fe9e4c197080602320/view,Solicitation,2027-05-27,OFFICE,017.1700.NAVFAC.NAVFAC PACIFIC CMD.NAVFAC SW.N62473,Yes,DEPT OF DEFENSE.DEPT OF THE NAVY.NAVFAC.NAVFAC PACIFIC CMD.NAVFAC SOUTHWEST SW.NAVFACSYSCOM SOUTHWEST,561210,SBA,,
Solicitation,Y--LAKE - TWO COMMUNICATIONS TOWER INSTALLATION AND O,Not Specified,,,140P8126B0003,,Total Small Business Set-Aside (FAR 19.5),2026-06-03T14:00:00-07:00,2026-05-12,237130,,https://sam.gov/workspace/contract/opp/eb9720adecc64a7abaa7b370c533c314/view,Solicitation,2026-06-18,OFFICE,014.1443.140P81,Yes,"INTERIOR, DEPARTMENT OF THE.NATIONAL PARK SERVICE.PWR LAME(81000)",237130,SBA,,"['https://sam.gov/api/prod/opps/v3/opportunities/resources/files/47d0a120247d40189b3e4baf3093b713/download', 'https://sam.gov/api/prod/opps/v3/opportunities/resources/files/493c7b89582949f0a624e47aecaf2324/download', 'https://sam.gov/api/prod/opps/v3/opportunities/resources/files/4c7d665fd4a745e4bda659506b28b536/download', 'https://sam.gov/api/prod/opps/v3/opportunities/resources/files/6b4de4ffa7c24b4c811e9f16a153ca79/download', 'https://sam.gov/api/prod/opps/v3/opportunities/resources/files/8389225186ed4722b93ae7504a31eb95/download', 'https://sam.gov/api/prod/opps/v3/opportunities/resources/files/a148a407b9cd4a34b8ad86702ad6c1a6/download', 'https://sam.gov/api/prod/opps/v3/opportunities/resources/files/df05231d619c4eff87b22b8430b6428a/download', 'https://sam.gov/api/prod/opps/v3/opportunities/resources/files/f24f56ea7dae4c578782c7ea71409148/download']"
Solicitation,99CES - PKA - WT16747339 - Install Lift Station Disconnect B1730,Not Specified,,,FA486126Q0010,,Total Small Business Set-Aside (FAR 19.5),2026-06-03T14:00:00-07:00,2026-05-28,238210,,https://sam.gov/workspace/contract/opp/45614b4595a04e7eb4447dcf0dbcb028/view,Solicitation,2027-05-28,OFFICE,057.5700.ACC.FA4861,Yes,DEPT OF DEFENSE.DEPT OF THE AIR FORCE.AIR COMBAT COMMAND.FA4861  99 CONS LGC,238210,SBA,,
Solicitation,"Z--FOLS, Replace Alarm System & Electrical Panel","Larned, Kansas",,,140P6026Q0042,,Total Small Business Set-Aside (FAR 19.5),2026-06-04T12:00:00-05:00,2026-05-14,238210,,https://sam.gov/workspace/contract/opp/93bf630bd3854ab1af97bf2513d05041/view,Solicitation,2026-06-19,OFFICE,014.1443.140P60,Yes,"INTERIOR, DEPARTMENT OF THE.NATIONAL PARK SERVICE.MWR MIDWEST REGION(60000)",238210,SBA,,"['https://sam.gov/api/prod/opps/v3/opportunities/resources/files/72a94a3ddda048b9a10072d7b5cdaa22/download', 'https://sam.gov/api/prod/opps/v3/opportunities/resources/files/8282eee778014dd3991755a0121b06ff/download', 'https://sam.gov/api/prod/opps/v3/opportunities/resources/files/94b0939e209346c4bf05c96f655fb74b/download', 'https://sam.gov/api/prod/opps/v3/opportunities/resources/files/e71a52d4fddf4dd59125e0ad78477f57/download', 'https://sam.gov/api/prod/opps/v3/opportunities/resources/files/e9a7a57ab442463da5faf2d2b809393d/download']"
Solicitation,Fiber Optic Cable B230 to B9511,Mississippi,,,FA302226Q0009,,Total Small Business Set-Aside (FAR 19.5),2026-06-12T10:00:00-05:00,2026-05-26,238210,,https://sam.gov/workspace/contract/opp/c26d564110a44cdc9bf5752b5371c451/view,Solicitation,2026-06-27,OFFICE,057.5700.AETC.FA3022,Yes,DEPT OF DEFENSE.DEPT OF THE AIR FORCE.AIR EDUCATION AND TRAINING COMMAND.FA3022 14 CONS LGCA,238210,SBA,,
Solicitation,FY26 TCS MITD Enterprise Classroom Modernization Facilitator Support,Not Specified,,,W911S026QA004,,Service-Disabled Veteran-Owned Small Business Set Aside,2026-06-08T15:00:00-05:00,2026-05-28,561210,,https://sam.gov/workspace/contract/opp/855f8cf0aa2c47e088fc7673bff5cf70/view,Solicitation,2027-05-28,OFFICE,021.2100.AMC.ACC.MICC.FDO EUSTIS.W911S0,Yes,DEPT OF DEFENSE.DEPT OF THE ARMY.AMC.ACC.MISSION INSTALLATION CONTRACTING COMMAND.FDO EUSTIS.W6QM MICC-FDO FT EUSTIS,561210,SDVOSBC,,"['https://sam.gov/api/prod/opps/v3/opportunities/resources/files/6436e2f37a73460eb69ed11370954554/download', 'https://sam.gov/api/prod/opps/v3/opportunities/resources/files/83a86923bba8455e9ae3c0a8321848fc/download', 'https://sam.gov/api/prod/opps/v3/opportunities/resources/files/ad4b179272b94618afb51c481b112bbb/download', 'https://sam.gov/api/prod/opps/v3/opportunities/resources/files/e006a09ad12f4a08a2ef4c295daf5ffe/download', 'https://sam.gov/api/prod/opps/v3/opportunities/resources/files/e3b673bf33044cb7843ece93463939ec/download', 'https://sam.gov/api/prod/opps/v3/opportunities/resources/files/e768fc7e7fc6483187d147cac20088d0/download']"
Solicitation,Z--Verona-Great Falls 161KV Transmission Line Rebuild,Not Specified,,,89503426BWA000065,,Total Small Business Set-Aside (FAR 19.5),2026-06-15T15:30:00-05:00,2026-06-02,237130,,https://sam.gov/workspace/contract/opp/74f7a37dc0df42658c9a2b914e3e7b42/view,Solicitation,2026-06-30,OFFICE,089.8900.895034,Yes,"ENERGY, DEPARTMENT OF.ENERGY, DEPARTMENT OF.WESTERN-UPPER GREAT PLAINS REGION",237130,SBA,,
Solicitation,Z2DA--519-20-200 VABS Replace Boiler Plant Solicitation 36C25726B0006,"Big Spring, Texas",,,36C25726B0006,,Service-Disabled Veteran-Owned Small Business Set Aside,2026-06-16T10:00:00-05:00,2026-05-21,237130,,https://sam.gov/workspace/contract/opp/d45a084a5c254e4e9d892c5fc641d479/view,Solicitation,2026-07-01,OFFICE,036.3600.36C257,Yes,"VETERANS AFFAIRS, DEPARTMENT OF.VETERANS AFFAIRS, DEPARTMENT OF.257-NETWORK CONTRACT OFFICE 17 (36C257)",237130,SDVOSBC,,
Solicitation, Base Operations Support (BOS) Services at Naval Air Station (NAS) Whiting Field and Outlying Areas,Not Specified,,,N6945026R0064,,Total Small Business Set-Aside (FAR 19.5),2026-06-17T14:00:00-04:00,2026-06-01,561210,,https://sam.gov/workspace/contract/opp/de844d5ae65040e3b4d90dd56d37a295/view,Solicitation,2027-06-01,OFFICE,017.1700.NAVFAC.NAVFAC ATLANTIC CMD.NAVFAC SOUTHEAST.N69450,Yes,DEPT OF DEFENSE.DEPT OF THE NAVY.NAVFAC.NAVFAC ATLANTIC CMD.NAVFAC SOUTHEAST.NAVFACSYSCOM SOUTHEAST,561210,SBA,,
Solicitation,Anniston Army Depot (ANAD) Power Generation and Microgrid Project,"Anniston, Alabama",,,W912QR26RA033,,Service-Disabled Veteran-Owned Small Business Set Aside,2026-06-29T14:00:00-04:00,2026-05-21,237130,,https://sam.gov/workspace/contract/opp/2b46f2a95df24cd999eb1c10781149b5/view,Solicitation,2026-07-14,OFFICE,021.2100.USACE.LRD.LRL.W912QR,Yes,DEPT OF DEFENSE.DEPT OF THE ARMY.US ARMY CORPS OF ENGINEERS.ENGINEER DIVISION GREAT LAKES AND OHIO.ENDIST LOUISVILLE.W072 ENDIST LOUISVILLE,237130,SDVOSBC,,
Special Notice,Special Notice: Forthcoming Solicitation for Building Control System (BCS) and Utility Control System (UCS) Maintenance and Support Services,Not Specified,,,SP470525R002026,,Total Small Business Set-Aside (FAR 19.5),2026-06-30T14:00:00-04:00,2026-05-13,561210,,https://sam.gov/workspace/contract/opp/d16a10f2aae140ed8a4e9cda6e6aedfc/view,Special Notice,2026-07-15,MAJOR COMMAND,097.97AS.DCSO,Yes,DEPT OF DEFENSE.DEFENSE LOGISTICS AGENCY.DCSO,561210,SBA,,
Presolicitation,178th Wing Base Microgrid Construction,"Springfield, Ohio",,"$5,000,000 and $10,000,000 | $45,000,000 | $5,000,000",WAAR209001,,Total Small Business Set-Aside (FAR 19.5),2026-06-01T16:00:00-04:00,2026-05-15,237130,,https://sam.gov/workspace/contract/opp/220298d38ef045708cfa78346ed2dc5e/view,Presolicitation,2026-06-16,OFFICE,021.2100.NGB.JFHQ USPFO OH.USPFO OH PROC.W50S8Q,Yes,DEPT OF DEFENSE.DEPT OF THE ARMY.NATIONAL GUARD BUREAU.JFHQ USPFO OH.USPFO OH PROCUREMENT.W7NU USPFO ACTIVITY OHANG 178,237130,SBA,,
Presolicitation,"J061--PROJECT 675-25-804, Bid-Build (BB) Install Water Tower  Projector System at Lake Nona","Orlando, Florida",,,36C24826R0107,,Service-Disabled Veteran-Owned Small Business Set Aside,2026-06-15T11:00:00-04:00,2026-05-28,238210,{'awardee': {}},https://sam.gov/workspace/contract/opp/3372c74b2b3240c5bf7028e6312a3691/view,Presolicitation,2026-09-22,OFFICE,036.3600.36C248,Yes,"VETERANS AFFAIRS, DEPARTMENT OF.VETERANS AFFAIRS, DEPARTMENT OF.248-NETWORK CONTRACT OFFICE 8 (36C248)",238210,SDVOSBC,,"['https://sam.gov/api/prod/opps/v3/opportunities/resources/files/082ac47643b143a48a936068acbdff95/download', 'https://sam.gov/api/prod/opps/v3/opportunities/resources/files/0daf3e829f7c47e8a9875d1bc7722235/download', 'https://sam.gov/api/prod/opps/v3/opportunities/resources/files/0ef48a6b035640f0836998ed1954aee6/download', 'https://sam.gov/api/prod/opps/v3/opportunities/resources/files/306c77ef390b47c48ed23a373cb48174/download', 'https://sam.gov/api/prod/opps/v3/opportunities/resources/files/3bafccda0f16407e9dcbac4d3ba8d4a7/download', 'https://sam.gov/api/prod/opps/v3/opportunities/resources/files/4e68aa453c4d462ca78e72f63d2e848a/download', 'https://sam.gov/api/prod/opps/v3/opportunities/resources/files/61b5ef0ed280481bba31d7c0c6353223/download', 'https://sam.gov/api/prod/opps/v3/opportunities/resources/files/68f8fb29258a44e08f3b6d34b8aeb0cd/download', 'https://sam.gov/api/prod/opps/v3/opportunities/resources/files/8b9394163ec547b19967eb6c389db26c/download', 'https://sam.gov/api/prod/opps/v3/opportunities/resources/files/c8c8ea1838fa4c22b5a0360da65f5f68/download']"
Solicitation,"Cottonwood Substation Construction, Stage 02, Phas",Not Specified,,,89503326BWA000019,,Total Small Business Set-Aside (FAR 19.5),2026-07-06T15:00:00-07:00,2026-06-02,237130,,https://sam.gov/workspace/contract/opp/253b0b4b621a4fd5b2bba90f45463868/view,Presolicitation,2026-07-21,OFFICE,089.8900.895033,Yes,"ENERGY, DEPARTMENT OF.ENERGY, DEPARTMENT OF.WESTERN-SIERRA NEVADA REGION",237130,SBA,,
Presolicitation,Electrical,"Richmond, Kentucky",,$19M,W519TC26R2024,,Total Small Business Set-Aside (FAR 19.5),2026-05-28T04:00:00-04:00,2026-05-12,238210,,https://sam.gov/workspace/contract/opp/bfeb7541a3eb4e679b0b7113a054de5c/view,Presolicitation,2026-06-12,OFFICE,021.2100.W22G1F,Yes,DEPT OF DEFENSE.DEPT OF THE ARMY.W0L7 BLUE GRASS ARMY DEPOT,238210,SBA,,
Presolicitation,J059--Triennial Electical Panel Maintenance and Survey,Not Specified,,,36C25226Q0359,,Total Small Business Set-Aside (FAR 19.5),2026-06-10T06:00:00-05:00,2026-05-14,238210,{'awardee': {}},https://sam.gov/workspace/contract/opp/7bfe99dd287d4db79cbfcaaa2eb19e36/view,Presolicitation,2026-08-09,OFFICE,036.3600.36C252,Yes,"VETERANS AFFAIRS, DEPARTMENT OF.VETERANS AFFAIRS, DEPARTMENT OF.252-NETWORK CONTRACT OFFICE 12 (36C252)",238210,SBA,,['https://sam.gov/api/prod/opps/v3/opportunities/resources/files/797e508f80f44d2b92282f030f0af6ec/download']
Solicitation,Carpenter Substation Stage 03 South Dakota,Not Specified,,,89503426BWA000066,,Total Small Business Set-Aside (FAR 19.5),2026-06-26T15:30:00-05:00,2026-05-26,237130,,https://sam.gov/workspace/contract/opp/42c80e14a2284ef6bf65ccf297972ad8/view,Presolicitation,2026-07-11,OFFICE,089.8900.895034,Yes,"ENERGY, DEPARTMENT OF.ENERGY, DEPARTMENT OF.WESTERN-UPPER GREAT PLAINS REGION",237130,SBA,,
Solicitation,"Denison Substation Stage 10, Iowa",Not Specified,,,89503426BWA000067,,Total Small Business Set-Aside (FAR 19.5),2026-06-29T15:30:00-05:00,2026-05-28,237130,,https://sam.gov/workspace/contract/opp/2a6188f892304b57a8208f6da244ab97/view,Presolicitation,2026-07-14,OFFICE,089.8900.895034,Yes,"ENERGY, DEPARTMENT OF.ENERGY, DEPARTMENT OF.WESTERN-UPPER GREAT PLAINS REGION",237130,SBA,,
Presolicitation,Y1DA--CON Project 674A4-21-108 - Upgrade Fire Alarm  System Campus Wide  (Waco) (VA-25-00021609),"Waco, Texas",,"$5,000,000,000 and $10,000,000 | $19 M | $5,000,000,000",36C25726B0007,,Service-Disabled Veteran-Owned Small Business Set Aside,,2026-05-15,238210,{'awardee': {}},https://sam.gov/workspace/contract/opp/634800be6f2942bfa32758b01d7fc8c0/view,Presolicitation,2026-06-10,OFFICE,036.3600.36C257,Yes,"VETERANS AFFAIRS, DEPARTMENT OF.VETERANS AFFAIRS, DEPARTMENT OF.257-NETWORK CONTRACT OFFICE 17 (36C257)",238210,SDVOSBC,,
Solicitation,Z--WATER TOWER REFURBISHMENT,Not Specified,,$45.0 million,140G0126Q0123,,Total Small Business Set-Aside (FAR 19.5),2026-05-27T10:00:00-07:00,2026-05-21,237110,,https://sam.gov/workspace/contract/opp/2674335730314335a54b832810b5b862/view,Solicitation,2026-06-11,OFFICE,014.1434.140G01,Yes,"INTERIOR, DEPARTMENT OF THE.US GEOLOGICAL SURVEY.OFC OF ACQUSITION  GRANTS-NATIONAL",237110,SBA,,
Solicitation,"Weeks Brook Bridge Railing Repair, Franklin Falls Dam, Sanbornton, NH",Not Specified,,"$25,000 and $100,000 | $25,000 | $100,000",W912WJ26QA100,,Total Small Business Set-Aside (FAR 19.5),2026-06-08T17:00:00-04:00,2026-06-02,237310,,https://sam.gov/workspace/contract/opp/1146e0e57d90422097c9fe8ad4a6a15b/view,Solicitation,2026-06-23,OFFICE,021.2100.USACE.NAD.NAE.W912WJ,Yes,DEPT OF DEFENSE.DEPT OF THE ARMY.US ARMY CORPS OF ENGINEERS.ENGINEER DIVISION NORTH ATLANTIC.ENDIST NEW ENGLAND.W2SD ENDIST NEW ENGLAND,237310,SBA,,
Solicitation,USDA NRCS-Ohio EWP Green Township - Blessing Road,"Patriot, Ohio",,,12FPC326B0003,,Total Small Business Set-Aside (FAR 19.5),2026-05-19T13:00:00-04:00,2026-05-18,237990,,https://sam.gov/workspace/contract/opp/61c1c115e72645fa896388ce49b09659/view,Solicitation,2026-06-03,OFFICE,012.12D0.12FPAC,Yes,"AGRICULTURE, DEPARTMENT OF.FARM PRODUCTION AND CONSERVATION BUSINESS CENTER.FPAC BUS CNTR-ACQ DIV",237990,SBA,,
Solicitation,RFQ 6923G226Q000016 Yocum Sailing removal & installation,"Kings Point, New York",,,6323G226Yocum,,Total Small Business Set-Aside (FAR 19.5),2026-05-26T14:00:00-04:00,2026-05-19,237120,,https://sam.gov/workspace/contract/opp/959f49eff3c24de6987410eb37827a40/view,Solicitation,2026-12-12,OFFICE,069.6938.693JF7,Yes,"TRANSPORTATION, DEPARTMENT OF.MARITIME ADMINISTRATION.693JF7 DOT  MARITIME ADMINISTRATION",237120,SBA,,
Solicitation,Z--REPLACE DAMAGED FIBER LINE,Not Specified,,"$45.0 million | $25,000",140P8526Q0053,,Total Small Business Set-Aside (FAR 19.5),2026-05-28T12:00:00-07:00,2026-05-18,237130,,https://sam.gov/workspace/contract/opp/2081b3df81f9451cb4f8406f8d11c42c/view,Solicitation,2026-06-12,OFFICE,014.1443.140P85,Yes,"INTERIOR, DEPARTMENT OF THE.NATIONAL PARK SERVICE.PWR SF/SEA MABO(85000)",237130,SBA,,
Solicitation,Fire Prevention System Inspection & Maintenance Services,"Lebanon, Kentucky",,,36C24926Q0222,,Service-Disabled Veteran-Owned Small Business Set Aside,2026-05-29T17:00:00-04:00,2026-05-18,561210,,https://sam.gov/workspace/contract/opp/8962dace88004f80a0eeba19d8279b93/view,Solicitation,2026-06-13,OFFICE,036.3600.36C249,Yes,"VETERANS AFFAIRS, DEPARTMENT OF.VETERANS AFFAIRS, DEPARTMENT OF.249-NETWORK CONTRACT OFFICE 9 (36C249)",561210,SDVOSBC,,
Solicitation,Z--NACE REVITALIZE PARK ACCESS POINTS,Not Specified,,,140P1326Q0024,,Total Small Business Set-Aside (FAR 19.5),2026-06-02T12:00:00-04:00,2026-05-19,237310,,https://sam.gov/workspace/contract/opp/2e9d817a9a3f47d4b691aaa73d71db2c/view,Solicitation,2026-06-17,OFFICE,014.1443.140P13,Yes,"INTERIOR, DEPARTMENT OF THE.NATIONAL PARK SERVICE.IMR SANTA FE(12100)",237310,SBA,,
Solicitation,"T-Rail Replacement With 3/8"" Safety Cable",Not Specified,,,89503426QWA001268,,Total Small Business Set-Aside (FAR 19.5),2026-06-05T16:30:00-05:00,2026-05-19,237130,,https://sam.gov/workspace/contract/opp/0eee78a8a97d47df954ce55c4c6c2fef/view,Solicitation,2026-06-20,OFFICE,089.8900.895034,Yes,"ENERGY, DEPARTMENT OF.ENERGY, DEPARTMENT OF.WESTERN-UPPER GREAT PLAINS REGION",237130,SBA,,
Solicitation,656-26-702  EHRM DDPO 2.0,"Saint Cloud, Minnesota",,,36C26326B0028-0001,,Service-Disabled Veteran-Owned Small Business Set Aside,2026-06-08T10:00:00-05:00,2026-05-19,238210,,https://sam.gov/workspace/contract/opp/c01f679d078545f6913864c0f55675d4/view,Presolicitation,2026-12-31,OFFICE,036.3600.36C263,Yes,"VETERANS AFFAIRS, DEPARTMENT OF.VETERANS AFFAIRS, DEPARTMENT OF.NETWORK CONTRACT OFFICE 23 (36C263)",238210,SDVOSBC,,
Solicitation,Apron Striping - Stratton Air National Guard Base,"Schenectady, New York",,,W50S8J26QA015,,Total Small Business Set-Aside (FAR 19.5),2026-06-09T12:00:00-04:00,2026-06-01,237310,,https://sam.gov/workspace/contract/opp/ae4c17c4ffc247c4bea8aa397414204d/view,Solicitation,2026-06-24,OFFICE,021.2100.NGB.JFHQ USPFO NY.USPFO NY PROC.W50S8J,Yes,DEPT OF DEFENSE.DEPT OF THE ARMY.NATIONAL GUARD BUREAU.JFHQ USPFO NY.USPFO NY PROCUREMENT.W7NR USPFO ACTIVITY NYANG 109,237310,SBA,,
Solicitation,Tainter Gates Sandblasting,"Del Rio, Texas",,$1 Million to $5 Million | $1 Million | $5 Million,191BWC26B0001,,Total Small Business Set-Aside (FAR 19.5),2026-06-09T12:00:00-06:00,2026-05-16,237990,,https://sam.gov/workspace/contract/opp/9eac1ebb72a9483198b1e88be2ce9f7d/view,Solicitation,2026-06-24,OFFICE,019.19BM.199401,Yes,INTERNATIONAL BOUNDARY AND WATER COMMISSION: US-MEXICO.INTERNATIONAL BOUNDARY AND WATER COMMISSION: US-MEXICO.INTERNAT BOUNDARY AND WATER COMM,237990,SBA,,
Solicitation,618-26-702 EHRM Install DDPO 2,"Minneapolis, Minnesota",,,36C26326B0030-0002,,Service-Disabled Veteran-Owned Small Business Set Aside,2026-06-09T10:00:00-05:00,2026-05-19,238210,,https://sam.gov/workspace/contract/opp/b1c046961ee946d8a2e660e7f5adb13e/view,Presolicitation,2026-12-31,OFFICE,036.3600.36C263,Yes,"VETERANS AFFAIRS, DEPARTMENT OF.VETERANS AFFAIRS, DEPARTMENT OF.NETWORK CONTRACT OFFICE 23 (36C263)",238210,SDVOSBC,,
Solicitation,"Bayou Teche, East and West Calumet Floodgate Approach Channels, Maintenance Dredging, St. Mary Parish, Louisiana ED 26-005","New Orleans, Louisiana",,"$500,000 | $1,000,000",W912P926BA072,,Total Small Business Set-Aside (FAR 19.5),2026-06-16T11:00:00-04:00,2026-05-22,237990,,https://sam.gov/workspace/contract/opp/dc6f890d838b4d159ec1665968d95e3d/view,Solicitation,2026-07-01,OFFICE,021.2100.USACE.MVD.MVN.W912P8,Yes,DEPT OF DEFENSE.DEPT OF THE ARMY.US ARMY CORPS OF ENGINEERS.ENGINEER DIVISION MISSISSIPPI VALLEY.ENDIST NEW ORLEANS.W07V ENDIST NEW ORLEANS,237990,SBA,,"['https://sam.gov/api/prod/opps/v3/opportunities/resources/files/05cf66365f8047eb95b730e6da75fa75/download', 'https://sam.gov/api/prod/opps/v3/opportunities/resources/files/3720efb4b75c451bb017bb47ae5e1301/download', 'https://sam.gov/api/prod/opps/v3/opportunities/resources/files/4bc1eadb85684581a2e9daa69b726a54/download']"
Solicitation,SUISUN BAY CHANNEL AND NY SOLUGH FY26 MAINTENANCE DREDGING PROJECT,Not Specified,,"$1,000,000 and $5,000,000 | Estimated Cost Range is between $1,000,000 and $5,000,000 | $37,000,000",W912P726BA003,,Total Small Business Set-Aside (FAR 19.5),2026-06-17T11:30:00-07:00,2026-05-18,237990,,https://sam.gov/workspace/contract/opp/1af64a5cb89e446281eeb46d512b03db/view,Solicitation,2026-07-02,OFFICE,021.2100.USACE.SPD.SPN.W912P7,Yes,DEPT OF DEFENSE.DEPT OF THE ARMY.US ARMY CORPS OF ENGINEERS.ENGINEER DIVISION SOUTH PACIFIC.ENDIST SAN FRANCISCO.W075 ENDIST SAN FRAN,237990,SBA,,
Solicitation,Robins AFB Paving Multi-Award IDIQ,"Warner Robins, Georgia",,$45M,FA850126R0004,,Total Small Business Set-Aside (FAR 19.5),2026-06-18T16:00:00-04:00,2026-05-26,237310,,https://sam.gov/workspace/contract/opp/761cde72114a49c9b85da8e49ea68d02/view,Solicitation,2026-07-03,OFFICE,057.5700.AFMC.AFSC.FA8501,Yes,DEPT OF DEFENSE.DEPT OF THE AIR FORCE.AIR FORCE MATERIEL COMMAND.AIR FORCE SUSTAINMENT CENTER.FA8501  OPL CONTRACTING AFSC/PZIO,237310,SBA,,
Solicitation,EO 14398 - GAOA - National Elk Refuge Electrical R,Not Specified,,,140FGA26Q0029,,Total Small Business Set-Aside (FAR 19.5),2026-06-18T14:00:00-04:00,2026-05-18,238210,,https://sam.gov/workspace/contract/opp/c8208810e8b6461ab02a1be7459cc1a6/view,Solicitation,2026-07-03,OFFICE,014.1448.140FGA,Yes,"INTERIOR, DEPARTMENT OF THE.US FISH AND WILDLIFE SERVICE.FWS, GAOA",238210,SBA,,
Solicitation,James River Maintenance Dredging IDIQ,Not Specified,,,W9123626BA007,,Total Small Business Set-Aside (FAR 19.5),2026-06-22T14:00:00-04:00,2026-05-19,237990,,https://sam.gov/workspace/contract/opp/0c980ce1296d473f9d68e99a54e982c9/view,Solicitation,2026-07-07,OFFICE,021.2100.USACE.NAD.NAO.W91236,Yes,DEPT OF DEFENSE.DEPT OF THE ARMY.US ARMY CORPS OF ENGINEERS.ENGINEER DIVISION NORTH ATLANTIC.ENDIST NORFOLK.W2SD ENDIST NORFOLK,237990,SBA,,
Solicitation,NM DEXTER NFHTC POND LINER 12B & 13B,Not Specified,,,140FC326Q0025,,Total Small Business Set-Aside (FAR 19.5),2026-06-24T10:00:00-07:00,2026-05-18,237990,,https://sam.gov/workspace/contract/opp/a3756cc426fe4610b5308ea31603138a/view,Solicitation,2026-07-09,OFFICE,014.1448.140FC3,Yes,"INTERIOR, DEPARTMENT OF THE.US FISH AND WILDLIFE SERVICE.FWS, CONSTRUCTION A/E TEAM 3",237990,SBA,,
Special Notice,Notice of Intent to Award a BPA Call Order,Minnesota,,,,,Total Small Business Set-Aside (FAR 19.5),2026-06-08T17:00:00-05:00,2026-06-01,237310,,https://sam.gov/workspace/contract/opp/81d6d4c4e9bd49a69c2a81c1b4f051d6/view,Special Notice,2026-06-08,OFFICE,012.12C2.124455,Yes,"AGRICULTURE, DEPARTMENT OF.FOREST SERVICE.USDA-FS, CSA EAST 13",237310,SBA,,
Presolicitation,Mud Mountain Dam Bridge Pier Repair,Not Specified,,"$1,000,000 and $5,000,000 | $1,000,000 | $5,000,000",W912DW26RA018,,Total Small Business Set-Aside (FAR 19.5),2026-06-01T12:00:00-07:00,2026-05-18,237990,,https://sam.gov/workspace/contract/opp/11ce6bf9e07a478f807afd76660882d3/view,Presolicitation,2026-06-06,OFFICE,021.2100.USACE.NWD.NWS.W912DW,Yes,DEPT OF DEFENSE.DEPT OF THE ARMY.US ARMY CORPS OF ENGINEERS.ENGINEER DIVISION NORTHWESTERN.ENDIST SEATTLE.W071 ENDIST SEATTLE,237990,SBA,,
Presolicitation,Northeast Region Construction Multiple Award Task Order Contract (MATOC),Not Specified,,"$50,000 to $3,000,000 | $500,000 to $1,000,000 | $60,000,000.00",693C73-26-R-000047,,Total Small Business Set-Aside (FAR 19.5),2026-07-07T14:00:00-04:00,2026-05-18,237310,,https://sam.gov/workspace/contract/opp/45e5705db00c431dac6738345b3d77f1/view,Presolicitation,2026-10-31,OFFICE,069.6925.693C73,Yes,"TRANSPORTATION, DEPARTMENT OF.FEDERAL HIGHWAY ADMINISTRATION.693C73 EASTERN FED LANDS DIVISION",237310,SBA,,
Presolicitation,Z1DA--Replace Electrical Primary Distribution  515-15-117,"Battle Creek, MI",,"$10,000,000.00 and $20,000,000.00 | $19.0 million | $10,000,000.00",36C25025B0047,,Service-Disabled Veteran-Owned Small Business Set Aside,2025-09-30T14:00:00-04:00,2026-05-18,238210,{'awardee': {}},https://sam.gov/workspace/contract/opp/0333e63dfc1a45d791562d9cd85976f2/view,Presolicitation,2026-06-07,OFFICE,036.3600.36C250,Yes,"VETERANS AFFAIRS, DEPARTMENT OF.VETERANS AFFAIRS, DEPARTMENT OF.250-NETWORK CONTRACT OFFICE 10 (36C250)",238210,SDVOSBC,,
Presolicitation,Z--SACRAMENTO RIVER TRAIL REPAVING GAOA,Not Specified,,"$1,000,000.00 and $5,000,000.00 | $1,000,000.00 | $5,000,000.00",140L1226R0005,,Total Small Business Set-Aside (FAR 19.5),2026-05-30T17:00:00-07:00,2026-05-15,237310,,https://sam.gov/workspace/contract/opp/01a493e50c0a47e897504ff06f1588f8/view,Presolicitation,2026-06-14,OFFICE,014.1422.140L12,Yes,"INTERIOR, DEPARTMENT OF THE.BUREAU OF LAND MANAGEMENT.CALIFORNIA STATE OFFICE",237310,SBA,,
Presolicitation,Z--READING ISLAND PAVING REPAIRS_REDDING,Not Specified,,"$500,000.00 and $1,000,000.00 | $500,000.00 | $1,000,000.00",140L1226R0006,,Total Small Business Set-Aside (FAR 19.5),2026-06-01T17:00:00-07:00,2026-05-15,237310,,https://sam.gov/workspace/contract/opp/59c2f930394948198e9da76f94b20a24/view,Presolicitation,2026-06-16,OFFICE,014.1422.140L12,Yes,"INTERIOR, DEPARTMENT OF THE.BUREAU OF LAND MANAGEMENT.CALIFORNIA STATE OFFICE",237310,SBA,,
Presolicitation,"Drainage Basin Installation, Mansfield Hollow Dam, Mansfield, CT",Not Specified,,"$25,000 and $100,000 | $25,000 | $100,000",W912WJ26QA113,,Total Small Business Set-Aside (FAR 19.5),,2026-05-19,237990,,https://sam.gov/workspace/contract/opp/cbf75c9c843c45bfb30c868187216f07/view,Presolicitation,2026-06-07,OFFICE,021.2100.USACE.NAD.NAE.W912WJ,Yes,DEPT OF DEFENSE.DEPT OF THE ARMY.US ARMY CORPS OF ENGINEERS.ENGINEER DIVISION NORTH ATLANTIC.ENDIST NEW ENGLAND.W2SD ENDIST NEW ENGLAND,237990,SBA,,
Presolicitation,Y--MI-SENEY NWR-DC DAM DECOMMISIONING,Not Specified,,"$500,000 and $1,000,000 | $45.0 million | $500,000",140FGA26R0021,,Total Small Business Set-Aside (FAR 19.5),,2026-05-19,237990,,https://sam.gov/workspace/contract/opp/1349816a518a4ac793672cfcb55f94ba/view,Presolicitation,2026-06-30,OFFICE,014.1448.140FGA,Yes,"INTERIOR, DEPARTMENT OF THE.US FISH AND WILDLIFE SERVICE.FWS, GAOA",237990,SBA,,
Solicitation,Stockbridge Parking Area and Roads,"Oneida, New York",,,FA875126Q0007,,Total Small Business Set-Aside (FAR 19.5),2026-06-04T15:00:00-04:00,2026-05-20,237310,,https://sam.gov/workspace/contract/opp/ba7c81427edd4e04b4522ea7fb6ff8e1/view,Solicitation,2026-06-19,OFFICE,057.5700.AFMC.AFRL.FA8751,Yes,DEPT OF DEFENSE.DEPT OF THE AIR FORCE.AIR FORCE MATERIEL COMMAND.AIR FORCE RESEARCH LABORATORY.FA8751  AFRL RIKO,237310,SBA,,
Solicitation,Z--GAOA BAR ISLAND DAM RECONSTRUCTION,Not Specified,,,140L0626R0006,,Total Small Business Set-Aside (FAR 19.5),2026-06-08T14:00:00-06:00,2026-05-26,237990,,https://sam.gov/workspace/contract/opp/cd568153c48c4d18a5eeb34934e36dda/view,Solicitation,2026-06-23,OFFICE,014.1422.140L06,Yes,"INTERIOR, DEPARTMENT OF THE.BUREAU OF LAND MANAGEMENT.NATIONAL OPERATIONS CENTER",237990,SBA,,
Solicitation,61--Power System Generator replacements ,Not Specified,,,89503126QWA000404,,Total Small Business Set-Aside (FAR 19.5),2026-05-28T17:00:00-07:00,2026-05-21,238210,,https://sam.gov/workspace/contract/opp/fd3ba844957e4659b7fa1254b18f115d/view,Solicitation,2026-06-12,OFFICE,089.8900.895031,Yes,"ENERGY, DEPARTMENT OF.ENERGY, DEPARTMENT OF.WESTERN-DESERT SOUTHWEST REGION",238210,SBA,,
Solicitation,"Z--Rehab Power and Cooling Systems, Pinnalces NP",Paicines,,,140P8426R0002,,Total Small Business Set-Aside (FAR 19.5),2026-06-19T15:00:00-07:00,2026-05-29,238210,,https://sam.gov/workspace/contract/opp/c0afff0ef7724433a86569c28e3dfaa1/view,Solicitation,2026-07-04,OFFICE,014.1443.140P84,Yes,"INTERIOR, DEPARTMENT OF THE.NATIONAL PARK SERVICE.PWR PORE MABO (84000)",238210,SBA,,"['https://sam.gov/api/prod/opps/v3/opportunities/resources/files/1ed94ea5059c4bf4b93987d7a0ef51d5/download', 'https://sam.gov/api/prod/opps/v3/opportunities/resources/files/28109f9a3414471fa52fcac2ab49ffc0/download', 'https://sam.gov/api/prod/opps/v3/opportunities/resources/files/34a7663febee47c1a56f087b98d7133b/download', 'https://sam.gov/api/prod/opps/v3/opportunities/resources/files/3f15007400914534b89e3c1d17b310e4/download', 'https://sam.gov/api/prod/opps/v3/opportunities/resources/files/434e93f6a2494eddb4da60554ed512f0/download', 'https://sam.gov/api/prod/opps/v3/opportunities/resources/files/4511923c1d0246b78efea52028e2204e/download', 'https://sam.gov/api/prod/opps/v3/opportunities/resources/files/67fa6424010e499d8f38e94598b0692e/download', 'https://sam.gov/api/prod/opps/v3/opportunities/resources/files/6f7e4073448744039f7a66e15425ef99/download', 'https://sam.gov/api/prod/opps/v3/opportunities/resources/files/7ac9fc141dc3435ea66f219c7691e8e8/download', 'https://sam.gov/api/prod/opps/v3/opportunities/resources/files/81dc9f121e814232b7d21670f78611d0/download', 'https://sam.gov/api/prod/opps/v3/opportunities/resources/files/94d17f6b6790479bbb4dba44f5654581/download', 'https://sam.gov/api/prod/opps/v3/opportunities/resources/files/9534081c1ba84e808f6fd47391263d93/download', 'https://sam.gov/api/prod/opps/v3/opportunities/resources/files/ae9bbc50b06c42058513be1128c151be/download', 'https://sam.gov/api/prod/opps/v3/opportunities/resources/files/b20505adc0724bd4a9d63e93fdd0f1bb/download', 'https://sam.gov/api/prod/opps/v3/opportunities/resources/files/bfcad2744528441c8149911b0db6659e/download', 'https://sam.gov/api/prod/opps/v3/opportunities/resources/files/c849351a4aeb4b1a84f58077915204db/download', 'https://sam.gov/api/prod/opps/v3/opportunities/resources/files/e660c6d20492429e8dc32f12ff46496c/download', 'https://sam.gov/api/prod/opps/v3/opportunities/resources/files/ec21669182604fea980cf165602b41fd/download']"
Solicitation,Z--Provide Maintenance of Unpaved Roads - Big South F,"Oneida, Tennessee",,,140P5126R0008,,Women-Owned Small Business,2026-06-06T13:00:00-04:00,2026-05-20,237310,,https://sam.gov/workspace/contract/opp/bf21625475d847d38ebc0dacf3b14885/view,Solicitation,2026-06-20,OFFICE,014.1443.140P51,Yes,"INTERIOR, DEPARTMENT OF THE.NATIONAL PARK SERVICE.SER EAST MABO(51000)",237310,WOSB,,
Solicitation,180th FW Lift Station Repair,"Swanton, Ohio",,,W50S8S26QA009,,Total Small Business Set-Aside (FAR 19.5),2026-06-08T16:00:00-04:00,2026-05-20,237110,,https://sam.gov/workspace/contract/opp/5aa5e66aa5264bd28f17e73c8941f15e/view,Solicitation,2026-06-23,OFFICE,021.2100.NGB.JFHQ USPFO OH.USPFO OH PROC.W50S8S,Yes,DEPT OF DEFENSE.DEPT OF THE ARMY.NATIONAL GUARD BUREAU.JFHQ USPFO OH.USPFO OH PROCUREMENT.W7NU USPFO ACTIVITY OHANG 180,237110,SBA,,
Solicitation,Fort Riley Tank CoatingsRepair,"Fort Riley, Kansas",,,W9128F26RA063,,Service-Disabled Veteran-Owned Small Business Set Aside,2026-06-22T14:00:00-05:00,2026-05-29,237120,,https://sam.gov/workspace/contract/opp/d5e8022c32484c18af40ea0b80038cd7/view,Solicitation,2026-07-31,OFFICE,021.2100.USACE.NWD.NWO.W9128F,Yes,DEPT OF DEFENSE.DEPT OF THE ARMY.US ARMY CORPS OF ENGINEERS.ENGINEER DIVISION NORTHWESTERN.ENDIST OMAHA.W071 ENDIST OMAHA,237120,SDVOSBC,,
Solicitation,23 STS HPTC Surround Sound Installation,"Hurlburt Field, Florida",,,FA441726Q0099,,Total Small Business Set-Aside (FAR 19.5),2026-06-23T14:00:00-05:00,2026-05-20,238210,,https://sam.gov/workspace/contract/opp/5805c0876c824826971513eea4344ad1/view,Sources Sought,2026-07-08,OFFICE,057.5700.AFSOC.FA4417,Yes,DEPT OF DEFENSE.DEPT OF THE AIR FORCE.AIR FORCE SPECIAL OPERATIONS COMMAND.FA4417 1 SOCONS,238210,SBA,,
Presolicitation,Y1NE| PRESOLICIATION | 36C25626R0015 | CONSTRUCT NEW WATER STORAGE FACILITY,"Fayetteville, Arkansas",,"$10,000,000 and $20,000,000 | $10,000,000 | $20,000,000",36C25626R0015_PRESOL_CONSTRUCT_NEW_WATER_STORAGE_FACILITY,,SDVOSB Sole Source,2026-06-05T11:00:00-05:00,2026-05-21,237110,,https://sam.gov/workspace/contract/opp/9e4a758c5a444d119ffb3d29f43dde65/view,Presolicitation,2026-06-20,OFFICE,036.3600.36C256,Yes,"VETERANS AFFAIRS, DEPARTMENT OF.VETERANS AFFAIRS, DEPARTMENT OF.256-NETWORK CONTRACT OFFICE 16 (36C256)",237110,SDVOSBS,,
Presolicitation,Unidirectional Flushing-Pre-Solicitation,Not Specified,,$45million,W56ZTN26BA001,,Total Small Business Set-Aside (FAR 19.5),2026-06-05T13:00:00-04:00,2026-05-21,237110,,https://sam.gov/workspace/contract/opp/910e1e50e98b4cbf82e9c2f7f037b829/view,Presolicitation,2026-06-19,OFFICE,021.2100.AMC.ACC.ACC-CTRS.ACC-APG.W56ZTN,Yes,DEPT OF DEFENSE.DEPT OF THE ARMY.AMC.ACC.ACC-CTRS.ACC-APG.W6QK ACC-APG DIR,237110,SBA,,
Presolicitation,Z1DZ--American Samoa CBOC Maintenance and Repair for VA Pacific  Islands Health Care System,Not Specified,,,36C26126Q0688,,Total Small Business Set-Aside (FAR 19.5),2026-06-05T15:00:00-07:00,2026-05-19,561210,{'awardee': {}},https://sam.gov/workspace/contract/opp/17e588dd87a44917849783a647fb3cf1/view,Presolicitation,2026-08-04,OFFICE,036.3600.36C261,Yes,"VETERANS AFFAIRS, DEPARTMENT OF.VETERANS AFFAIRS, DEPARTMENT OF.261-NETWORK CONTRACT OFFICE 21 (36C261)",561210,SBA,,
Presolicitation,FMC Lexington Electrical Bore 26Z1AZ3,"Lexington, Kentucky",,,15B10926Q00000013,,Total Small Business Set-Aside (FAR 19.5),2026-06-08T14:00:00-04:00,2026-05-21,238210,,https://sam.gov/workspace/contract/opp/aab7f31e173a4456a2f9c20dca26fa41/view,Presolicitation,2026-06-23,OFFICE,015.1540.15B109,Yes,"JUSTICE, DEPARTMENT OF.FEDERAL PRISON SYSTEM / BUREAU OF PRISONS.FMC LEXINGTON",238210,SBA,,
Presolicitation,"HOUSTON SHIP CHANNEL, TEXAS, PLACEMENT AREA 14 DIKE RAISE",Not Specified,,,W912HY26BA030,,Total Small Business Set-Aside (FAR 19.5),,2026-05-21,237990,,https://sam.gov/workspace/contract/opp/75835d728abf4ac2866979d2143fdd64/view,Presolicitation,2027-05-21,OFFICE,021.2100.USACE.SWD.SWG.W912HY,Yes,DEPT OF DEFENSE.DEPT OF THE ARMY.US ARMY CORPS OF ENGINEERS.ENGINEER DIVISION SOUTHWESTERN.ENDIST GALVESTON.W076 ENDIST GALVESTON,237990,SBA,,
Presolicitation,RENO BOTTOMS HREP - STAGE 2 - ICE HAUL SLOUGH,Not Specified,,,W912ES26BA013,,Total Small Business Set-Aside (FAR 19.5),,2026-05-20,237990,,https://sam.gov/workspace/contract/opp/31acca16d43e43019817256bb9a56816/view,Presolicitation,2026-06-19,OFFICE,021.2100.USACE.MVD.MVP.W912ES,Yes,DEPT OF DEFENSE.DEPT OF THE ARMY.US ARMY CORPS OF ENGINEERS.ENGINEER DIVISION MISSISSIPPI VALLEY.ENDIST ST PAUL.W07V ENDIST ST PAUL,237990,SBA,,
Solicitation,Oldmans Dredged Material Placement Facility (DMPF) Dike Raising Construction,Not Specified,,,W912BU26RA013,,Total Small Business Set-Aside (FAR 19.5),2026-06-03T13:00:00-04:00,2026-05-28,237990,,https://sam.gov/workspace/contract/opp/4fa9dd96adbb4e07831e1b20a5b4e029/view,Solicitation,2027-05-28,OFFICE,021.2100.USACE.NAD.NAP.W912BU,Yes,DEPT OF DEFENSE.DEPT OF THE ARMY.US ARMY CORPS OF ENGINEERS.ENGINEER DIVISION NORTH ATLANTIC.ENDIST PHILADELPHIA.W2SD ENDIST PHILADELPHIA,237990,SBA,,
Solicitation,VA-HARRISON LAKE NFH-REPL ELECTRICAL VC,Not Specified,,,140FC226Q0032,,Total Small Business Set-Aside (FAR 19.5),2026-06-11T15:00:00-04:00,2026-05-22,238210,,https://sam.gov/workspace/contract/opp/61583b0cbf734f1e87be8ab8ab8fdc6d/view,Solicitation,2026-06-26,OFFICE,014.1448.140FC2,Yes,"INTERIOR, DEPARTMENT OF THE.US FISH AND WILDLIFE SERVICE.FWS, CONSTRUCTION A/E TEAM 2",238210,SBA,,"['https://sam.gov/api/prod/opps/v3/opportunities/resources/files/e34b614ebddb4a51ab85487ff44ecdd6/download', 'https://sam.gov/api/prod/opps/v3/opportunities/resources/files/f8ead23e8d8641a293d6deadd5703a71/download', 'https://sam.gov/api/prod/opps/v3/opportunities/resources/files/feada84178544afcb5cdf9a902a798c5/download']"
Solicitation,"Z--Conlon Creek Culvert Removal & Restoration, GOGA",Not Specified,,,140P8626R0003,,Total Small Business Set-Aside (FAR 19.5),2026-06-22T12:00:00-07:00,2026-05-26,237990,,https://sam.gov/workspace/contract/opp/9f7efa3b95cb4e16a2f76788cd52c47f/view,Solicitation,2026-07-07,OFFICE,014.1443.140P86,Yes,"INTERIOR, DEPARTMENT OF THE.NATIONAL PARK SERVICE.PWR GOGA(86000)",237990,SBA,,
Solicitation,"Deer Island Ecosystem Restoration, Phase 1 Deer Island, MS (Harrison County)","Biloxi, Mississippi",,,W9127826RA046,,Total Small Business Set-Aside (FAR 19.5),2026-07-07T14:00:00-05:00,2026-05-28,237990,,https://sam.gov/workspace/contract/opp/5113d8e722fb48468d830af26e209483/view,Solicitation,2026-07-22,OFFICE,021.2100.USACE.SAD.SAM.W91278,Yes,DEPT OF DEFENSE.DEPT OF THE ARMY.US ARMY CORPS OF ENGINEERS.ENGINEER DIVISION SOUTH ATLANTIC.ENDIST MOBILE.W074 ENDIST MOBILE,237990,SBA,,
Presolicitation,OHARNG Tactical Vehicle Maneuver Lane Improvement at Camp James A. Garfield Joint Military Training Center (CJAG),"Ravenna, Ohio",,"$500,000 and $1,000,000 | $45,000,000 | $500,000",W91364-26-B-A001,,Service-Disabled Veteran-Owned Small Business Set Aside,2026-06-08T12:00:00-04:00,2026-05-22,237990,,https://sam.gov/workspace/contract/opp/fff85f25f13040f3b9c673a1179c22d1/view,Sources Sought,2026-06-23,OFFICE,021.2100.NGB.JFHQ USPFO OH.USPFO OH PROC.W91364,Yes,DEPT OF DEFENSE.DEPT OF THE ARMY.NATIONAL GUARD BUREAU.JFHQ USPFO OH.USPFO OH PROCUREMENT.W7NU USPFO ACTIVITY OH ARNG,237990,SDVOSBC,,['https://sam.gov/api/prod/opps/v3/opportunities/resources/files/e5559f297f2948e2a67f182abf4e7817/download']
Solicitation,Gravel Road Maintenance,Not Specified,,,W912DR26QA048,,Total Small Business Set-Aside (FAR 19.5),2026-06-11T17:00:00-05:00,2026-06-02,237310,,https://sam.gov/workspace/contract/opp/6b25e52d020d44bfae587e17e4740f8d/view,Solicitation,2027-07-30,OFFICE,021.2100.USACE.NAD.NAB.W912DR,Yes,DEPT OF DEFENSE.DEPT OF THE ARMY.US ARMY CORPS OF ENGINEERS.ENGINEER DIVISION NORTH ATLANTIC.ENDIST BALTIMORE.W2SD ENDIST BALTIMORE,237310,SBA,,
Solicitation,FTW506 Life Safety Repairs,Not Specified,,"$18,000,000",W911KB26RA039,,Total Small Business Set-Aside (FAR 19.5),2026-06-25T14:00:00-08:00,2026-05-26,238210,,https://sam.gov/workspace/contract/opp/eb83e29957544a2bbab8d9347199f9ec/view,Solicitation,2027-05-26,OFFICE,021.2100.USACE.POD.POA.W911KB,Yes,DEPT OF DEFENSE.DEPT OF THE ARMY.US ARMY CORPS OF ENGINEERS.ENGINEER DIVISION PACIFIC OCEAN.ENDIST ALASKA.W2SN ENDIST ALASKA,238210,SBA,,
Solicitation,656-26-702  EHRM DDPO 2.0,"Saint Cloud, Minnesota",,,36C26326B0028-0002,,Service-Disabled Veteran-Owned Small Business Set Aside,2026-06-08T10:00:00-05:00,2026-05-26,238210,,https://sam.gov/workspace/contract/opp/579d6c3c22f34947b11dbc19c6f95b7b/view,Presolicitation,2026-12-31,OFFICE,036.3600.36C263,Yes,"VETERANS AFFAIRS, DEPARTMENT OF.VETERANS AFFAIRS, DEPARTMENT OF.NETWORK CONTRACT OFFICE 23 (36C263)",238210,SDVOSBC,,
Solicitation,Shenango River Lake Water Tank Rehabiliation,Not Specified,,"$45,000,000.00",W911WN26BA014,,Total Small Business Set-Aside (FAR 19.5),2026-06-30T11:00:00-04:00,2026-05-28,237110,,https://sam.gov/workspace/contract/opp/ffeca1ae88c8440998776dbd7c4c0d67/view,Solicitation,2026-07-15,OFFICE,021.2100.USACE.LRD.LRP.W911WN,Yes,DEPT OF DEFENSE.DEPT OF THE ARMY.US ARMY CORPS OF ENGINEERS.ENGINEER DIVISION GREAT LAKES AND OHIO.ENDIST PITTSBURGH.W072 ENDIST PITTSBURGH,237110,SBA,,
Solicitation,J--PAIS - Replace Buoys and NAV. Signs,"Corpus Christi, Texas",,,140P6026Q0043,,Total Small Business Set-Aside (FAR 19.5),2026-06-05T10:00:00-05:00,2026-05-27,237990,,https://sam.gov/workspace/contract/opp/dc681e4fb6cb44bd9bf6977ed388dfb0/view,Solicitation,2026-06-20,OFFICE,014.1443.140P60,Yes,"INTERIOR, DEPARTMENT OF THE.NATIONAL PARK SERVICE.MWR MIDWEST REGION(60000)",237990,SBA,,
Solicitation,Repair/Replace Traffic Lights,"Little Rock Air Force Base, Arkansas",,,FA446026Q0383,,Total Small Business Set-Aside (FAR 19.5),2026-06-11T15:00:00-05:00,2026-05-29,238210,,https://sam.gov/workspace/contract/opp/57404f26e53c4bba986fa47802a08ddd/view,Solicitation,2026-06-26,OFFICE,057.5700.AMC.FA4460,Yes,DEPT OF DEFENSE.DEPT OF THE AIR FORCE.AIR MOBILITY COMMAND.FA4460  19 CONS PKA,238210,SBA,,"['https://sam.gov/api/prod/opps/v3/opportunities/resources/files/8aa4c26e937c434496da76bd05348c2e/download', 'https://sam.gov/api/prod/opps/v3/opportunities/resources/files/b8b3760c70a146918bb68593dd0f8c6e/download', 'https://sam.gov/api/prod/opps/v3/opportunities/resources/files/e48ba63fabf04dbe8321a38bd63edbae/download', 'https://sam.gov/api/prod/opps/v3/opportunities/resources/files/eff37c95d37a43dfab2bf35bd9f18428/download']"
Solicitation,Replace Fuel Tanks and Associated Lines - Rec Camp,"San Angelo, Texas",,,FA303026Q0012,,Total Small Business Set-Aside (FAR 19.5),2026-06-17T15:00:00-05:00,2026-05-27,237120,,https://sam.gov/workspace/contract/opp/9bf0c12b00e14c4a9de7b8858ec50236/view,Solicitation,2026-07-02,OFFICE,057.5700.AETC.FA3030,Yes,DEPT OF DEFENSE.DEPT OF THE AIR FORCE.AIR EDUCATION AND TRAINING COMMAND.FA3030  17 CONS CC,237120,SBA,,
Solicitation,FOSM - Replace Backflow Prevention Assemblies,"Fort Smith, Arkansas",,,140P6026Q0025,,Total Small Business Set-Aside (FAR 19.5),2026-06-26T12:00:00-05:00,2026-05-27,237110,,https://sam.gov/workspace/contract/opp/d3179646d3434fc9a97d31b2cfbee27d/view,Sources Sought,2026-07-11,OFFICE,014.1443.140P60,Yes,"INTERIOR, DEPARTMENT OF THE.NATIONAL PARK SERVICE.MWR MIDWEST REGION(60000)",237110,SBA,,
Solicitation,"ACEP WRE Easement Repair (Dike Repair)-Madison Township, Perry County, Ohio","Madison, Ohio",,,12FPC326B0006,,Total Small Business Set-Aside (FAR 19.5),2026-06-30T14:00:00-05:00,2026-05-27,237990,,https://sam.gov/workspace/contract/opp/835db769ffad403ca7c28ac6bf961623/view,Solicitation,2026-07-15,OFFICE,012.12D0.12FPAC,Yes,"AGRICULTURE, DEPARTMENT OF.FARM PRODUCTION AND CONSERVATION BUSINESS CENTER.FPAC BUS CNTR-ACQ DIV",237990,SBA,,
Presolicitation,Z--Levee Repair - MN,Not Specified,,,140FC226R0002,,Total Small Business Set-Aside (FAR 19.5),2026-06-10T15:00:00-05:00,2026-05-27,237990,,https://sam.gov/workspace/contract/opp/317aff832cc64dafacf374c37db3ebf5/view,Sources Sought,2026-06-25,OFFICE,014.1448.140FC2,Yes,"INTERIOR, DEPARTMENT OF THE.US FISH AND WILDLIFE SERVICE.FWS, CONSTRUCTION A/E TEAM 2",237990,SBA,,
Presolicitation,J065--Variable Frequency Drive Maintenance,Not Specified,,,36C25226Q0426,,Total Small Business Set-Aside (FAR 19.5),2026-06-22T06:00:00-05:00,2026-05-27,238210,{'awardee': {}},https://sam.gov/workspace/contract/opp/09ecd9ec452c446ab3e31adda2bd5251/view,Presolicitation,2026-07-22,OFFICE,036.3600.36C252,Yes,"VETERANS AFFAIRS, DEPARTMENT OF.VETERANS AFFAIRS, DEPARTMENT OF.252-NETWORK CONTRACT OFFICE 12 (36C252)",238210,SBA,,
Presolicitation,Z--MACA-REHAB ENTRANCE SIGNS/PARKING AREAS,Not Specified,,,140P5326R0006,,Total Small Business Set-Aside (FAR 19.5),,2026-05-27,237310,,https://sam.gov/workspace/contract/opp/167e8a0100f64af69fadfaeb760902ac/view,Presolicitation,2026-10-31,OFFICE,014.1443.140P54,Yes,"INTERIOR, DEPARTMENT OF THE.NATIONAL PARK SERVICE.SER SOUTH MABO (54000)",237310,SBA,,
Solicitation,Z--GRPO - Mile Creek Stone Trail Bridge,"Grand Portage, Minnesota",,,140P6026B0005,,Total Small Business Set-Aside (FAR 19.5),2026-06-29T10:00:00-05:00,2026-05-28,237310,,https://sam.gov/workspace/contract/opp/17f7fdce05294ea596d764c7e92f7f14/view,Solicitation,2026-07-14,OFFICE,014.1443.140P60,Yes,"INTERIOR, DEPARTMENT OF THE.NATIONAL PARK SERVICE.MWR MIDWEST REGION(60000)",237310,SBA,,"['https://sam.gov/api/prod/opps/v3/opportunities/resources/files/1222200ac3994a10a15a1f74098b58cb/download', 'https://sam.gov/api/prod/opps/v3/opportunities/resources/files/545aa55a8adc46e3a3a33efcd6b97d16/download', 'https://sam.gov/api/prod/opps/v3/opportunities/resources/files/5a1d2718c0cb4fe594642870a5705f44/download', 'https://sam.gov/api/prod/opps/v3/opportunities/resources/files/62f4a6e89fac4c698cf07722759201b8/download', 'https://sam.gov/api/prod/opps/v3/opportunities/resources/files/6b882f4b18684369b71def6750c5e466/download', 'https://sam.gov/api/prod/opps/v3/opportunities/resources/files/e44da54299a64019a072906e87293f37/download', 'https://sam.gov/api/prod/opps/v3/opportunities/resources/files/ea4aa36fbf5d488ab6deb6187357089e/download']"
Solicitation,Atlantic Intracoastal Waterway (AIWW) Snows Cut Shoreline Erosion Bank Stabilization,Not Specified,,,W912PM26BA001,,Total Small Business Set-Aside (FAR 19.5),2026-06-29T13:00:00-04:00,2026-05-29,237990,,https://sam.gov/workspace/contract/opp/03096beb9ce84524928192243f0cf524/view,Solicitation,2027-05-29,OFFICE,021.2100.USACE.SAD.SAW.W912PM,Yes,DEPT OF DEFENSE.DEPT OF THE ARMY.US ARMY CORPS OF ENGINEERS.ENGINEER DIVISION SOUTH ATLANTIC.ENDIST WILMINGTON.W074 ENDIST WILMINGTON,237990,SBA,,
Solicitation,Z--Ste. Genevieve National Historical Park - Well Dec,"CRYSTAL CTY, Missouri",,,140P6026Q0031,,Total Small Business Set-Aside (FAR 19.5),2026-06-05T10:00:00-05:00,2026-05-28,237110,,https://sam.gov/workspace/contract/opp/7cc330541f524d239d24019ebbce8f1c/view,Solicitation,2026-06-20,OFFICE,014.1443.140P60,Yes,"INTERIOR, DEPARTMENT OF THE.NATIONAL PARK SERVICE.MWR MIDWEST REGION(60000)",237110,SBA,,"['https://sam.gov/api/prod/opps/v3/opportunities/resources/files/1f8d20451a854fb2b84c4b0251d33cb9/download', 'https://sam.gov/api/prod/opps/v3/opportunities/resources/files/319e769d13094f7286a6fcba7da42c39/download', 'https://sam.gov/api/prod/opps/v3/opportunities/resources/files/4ad922ae890f4c0096425cf84e4a4d97/download', 'https://sam.gov/api/prod/opps/v3/opportunities/resources/files/4b8a98138f204c0faab6aff9ddb081e7/download', 'https://sam.gov/api/prod/opps/v3/opportunities/resources/files/9f320afc57ce4a0abe6eaa70814d34fa/download', 'https://sam.gov/api/prod/opps/v3/opportunities/resources/files/b0faf3aaf6ca4100a2f896cecc624995/download', 'https://sam.gov/api/prod/opps/v3/opportunities/resources/files/d335717cf96d4c6a80a330de623bb12f/download', 'https://sam.gov/api/prod/opps/v3/opportunities/resources/files/f5eb29b6d90440d6aaebc3cb62a5c827/download']"
Solicitation,Repair Ft. Griffin Ave (Phase 5),"Goodfellow AFB, Texas",,,FA303026R0002,,Total Small Business Set-Aside (FAR 19.5),2026-06-08T09:00:00-05:00,2026-05-28,237310,,https://sam.gov/workspace/contract/opp/66ecf32ce31a452f9a02bd89b0307e32/view,Solicitation,2026-06-23,OFFICE,057.5700.AETC.FA3030,Yes,DEPT OF DEFENSE.DEPT OF THE AIR FORCE.AIR EDUCATION AND TRAINING COMMAND.FA3030  17 CONS CC,237310,SBA,,"['https://sam.gov/api/prod/opps/v3/opportunities/resources/files/2be4cd42908f44f9b39d1c32b7a53647/download', 'https://sam.gov/api/prod/opps/v3/opportunities/resources/files/3f3cd36d62f04cbfa345f495212d7992/download', 'https://sam.gov/api/prod/opps/v3/opportunities/resources/files/78b877b9219f4bb7bef65bb90ce89668/download', 'https://sam.gov/api/prod/opps/v3/opportunities/resources/files/9bc3178358cf45bc9073fa6527c3df2a/download', 'https://sam.gov/api/prod/opps/v3/opportunities/resources/files/a49effec56a8422782c2884171907976/download', 'https://sam.gov/api/prod/opps/v3/opportunities/resources/files/abcc89071176490589dcf7c177e141c3/download', 'https://sam.gov/api/prod/opps/v3/opportunities/resources/files/adff8983f3984af9b395e895c7737762/download', 'https://sam.gov/api/prod/opps/v3/opportunities/resources/files/c3e1360b835f4ff0b1d58069e74b2620/download', 'https://sam.gov/api/prod/opps/v3/opportunities/resources/files/c51df90805024146ab325a4aa480ff0f/download', 'https://sam.gov/api/prod/opps/v3/opportunities/resources/files/d6b41de7a8144a20b12fbc602d01d2a3/download', 'https://sam.gov/api/prod/opps/v3/opportunities/resources/files/d9748315740e42efba2c876bce4e11ee/download']"
Solicitation,656-26-702  EHRM DDPO 2.0,"Saint Cloud, Minnesota",,,36C26326B0028-0003,,Service-Disabled Veteran-Owned Small Business Set Aside,2026-06-08T10:00:00-05:00,2026-05-29,238210,,https://sam.gov/workspace/contract/opp/30bcd822c62b43378a645c917c5f3158/view,Presolicitation,2026-12-31,OFFICE,036.3600.36C263,Yes,"VETERANS AFFAIRS, DEPARTMENT OF.VETERANS AFFAIRS, DEPARTMENT OF.NETWORK CONTRACT OFFICE 23 (36C263)",238210,SDVOSBC,,"['https://sam.gov/api/prod/opps/v3/opportunities/resources/files/24de0e0e13124bcda3686d7807f2b3ac/download', 'https://sam.gov/api/prod/opps/v3/opportunities/resources/files/7e9034152ded4539958c4eba4da4fd95/download', 'https://sam.gov/api/prod/opps/v3/opportunities/resources/files/e75238f76f0c4f1aa3444f4aef3e3cdf/download']"
Solicitation,"West Shore Lake Pontchartrain, Louisiana, Hurricane and Storm Damage Risk Reduction Project, WSLP-103A Levee, Floodwall and Gate, Sta. 819+87 B/L to Sta. 827+95 B/L, St. John the Baptist Parish, Louisiana ED 24-025","New Orleans, Louisiana",,,W912P826BA041,,Total Small Business Set-Aside (FAR 19.5),2026-06-09T11:00:00-05:00,2026-05-29,237990,,https://sam.gov/workspace/contract/opp/bd809c76dd21484e9d8e1101e7c9c7c7/view,Solicitation,2026-06-24,OFFICE,021.2100.USACE.MVD.MVN.W912P8,Yes,DEPT OF DEFENSE.DEPT OF THE ARMY.US ARMY CORPS OF ENGINEERS.ENGINEER DIVISION MISSISSIPPI VALLEY.ENDIST NEW ORLEANS.W07V ENDIST NEW ORLEANS,237990,SBA,,"['https://sam.gov/api/prod/opps/v3/opportunities/resources/files/674aefdf4ec74bb08cf19921e5d5f494/download', 'https://sam.gov/api/prod/opps/v3/opportunities/resources/files/86607a56fb0143e0a30f7e54ef635fa0/download', 'https://sam.gov/api/prod/opps/v3/opportunities/resources/files/ad6c4b00b96d4e7d8e159245289763a0/download']"
Solicitation,618-26-702 EHRM Install DDPO 2,"Minneapolis, Minnesota",,,36C26326B0030-0004,,Service-Disabled Veteran-Owned Small Business Set Aside,2026-06-09T10:00:00-05:00,2026-05-29,238210,,https://sam.gov/workspace/contract/opp/7cd1e233272f4d11a74c1efebdb2bdb1/view,Presolicitation,2026-12-31,OFFICE,036.3600.36C263,Yes,"VETERANS AFFAIRS, DEPARTMENT OF.VETERANS AFFAIRS, DEPARTMENT OF.NETWORK CONTRACT OFFICE 23 (36C263)",238210,SDVOSBC,,"['https://sam.gov/api/prod/opps/v3/opportunities/resources/files/2e29cb53f6224317a1bf3e78abf90753/download', 'https://sam.gov/api/prod/opps/v3/opportunities/resources/files/7dcabbfff543409ba21a1ccd747eb793/download', 'https://sam.gov/api/prod/opps/v3/opportunities/resources/files/c8e3d583f7c042ee9c38888870eeeac7/download']"
Solicitation,618-26-702 EHRM Install DDPO 2,"Minneapolis, Minnesota",,,36C26326B0030-0003,,Service-Disabled Veteran-Owned Small Business Set Aside,2026-06-09T10:00:00-05:00,2026-05-28,238210,,https://sam.gov/workspace/contract/opp/55d04e896e3242b9811a01c633bdf9d2/view,Presolicitation,2026-12-31,OFFICE,036.3600.36C263,Yes,"VETERANS AFFAIRS, DEPARTMENT OF.VETERANS AFFAIRS, DEPARTMENT OF.NETWORK CONTRACT OFFICE 23 (36C263)",238210,SDVOSBC,,"['https://sam.gov/api/prod/opps/v3/opportunities/resources/files/3dcf09f6e030459ba3b3c4ad6f38fcdf/download', 'https://sam.gov/api/prod/opps/v3/opportunities/resources/files/6eced8b22d834170b7c8490246c0e5f0/download', 'https://sam.gov/api/prod/opps/v3/opportunities/resources/files/b9b006d9e09243b4b003b57b0075346d/download', 'https://sam.gov/api/prod/opps/v3/opportunities/resources/files/e82d1a2c6e9d40228dabbfe93b741a5c/download']"
Solicitation,"Grade and Pave, Lassen Volcanic NP",Not Specified,,,140P8426Q0035,,Total Small Business Set-Aside (FAR 19.5),2026-06-12T17:00:00-07:00,2026-05-29,237310,,https://sam.gov/workspace/contract/opp/f5b13602ac214037abaa3610f794dd31/view,Solicitation,2026-06-27,OFFICE,014.1443.140P85,Yes,"INTERIOR, DEPARTMENT OF THE.NATIONAL PARK SERVICE.PWR SF/SEA MABO(85000)",237310,SBA,,"['https://sam.gov/api/prod/opps/v3/opportunities/resources/files/0ba01fb2535640edb734848082493ef0/download', 'https://sam.gov/api/prod/opps/v3/opportunities/resources/files/676d2a1c18d44fa9ab0b247ee231e51e/download', 'https://sam.gov/api/prod/opps/v3/opportunities/resources/files/b0069b2850374eafa0388040ff41bf0d/download', 'https://sam.gov/api/prod/opps/v3/opportunities/resources/files/c485a638d826487db33207a2900e20fe/download', 'https://sam.gov/api/prod/opps/v3/opportunities/resources/files/e41a9b79d7e9484a914b720c21c4c928/download', 'https://sam.gov/api/prod/opps/v3/opportunities/resources/files/fc59aed733a849219a8a159dec3950cc/download']"
Solicitation,CT SWITCHGEAR REPLACEMENT STAMPEDE PP,Not Specified,,,140R2026R0007,,Total Small Business Set-Aside (FAR 19.5),2026-06-27T17:00:00-07:00,2026-05-28,238210,,https://sam.gov/workspace/contract/opp/31ef852b13814a03a3ada76b2f3d2a19/view,Sources Sought,2026-07-12,OFFICE,014.1425.140R20,Yes,"INTERIOR, DEPARTMENT OF THE.BUREAU OF RECLAMATION.MP-REGIONAL OFFICE",238210,SBA,,"['https://sam.gov/api/prod/opps/v3/opportunities/resources/files/b94f929c8a1d41d3ac4044eb69d50101/download', 'https://sam.gov/api/prod/opps/v3/opportunities/resources/files/db531a7151754493be5d93373500a5a6/download']"
Solicitation,U.S. ARMY 63RD READINESS DIVISION MILCON ERCIP MICROGRID,Not Specified,,"$10,000,000 to $25,000,000 | Estimated Cost Range is between $10,000,000 to $25,000,000 | $45,000,000",W9123826RA016,,Total Small Business Set-Aside (FAR 19.5),2026-06-29T12:00:00-07:00,2026-06-03,237130,,https://sam.gov/workspace/contract/opp/dd310b2e11b744db93ff53811af64278/view,Solicitation,2027-05-28,OFFICE,021.2100.USACE.SPD.SPN.W912P7,Yes,DEPT OF DEFENSE.DEPT OF THE ARMY.US ARMY CORPS OF ENGINEERS.ENGINEER DIVISION SOUTH PACIFIC.ENDIST SAN FRANCISCO.W075 ENDIST SAN FRAN,237130,SBA,,
Presolicitation,Oregon/Washington Clamshell Maintenance Dredging 2026,Not Specified,,"$5,000,000 to $10,000,000 | $37 million | $5,000,000",W9127N26BA015,,Total Small Business Set-Aside (FAR 19.5),2026-06-04T14:30:00-07:00,2026-05-28,237990,,https://sam.gov/workspace/contract/opp/601ba3e4a05e4a238d37f1bf6088e475/view,Presolicitation,2026-06-19,OFFICE,021.2100.USACE.NWD.NWP.W9127N,Yes,DEPT OF DEFENSE.DEPT OF THE ARMY.US ARMY CORPS OF ENGINEERS.ENGINEER DIVISION NORTHWESTERN.ENDIST PORTLAND.W071 ENDIST PORTLAND,237990,SBA,,"['https://sam.gov/api/prod/opps/v3/opportunities/resources/files/90932a80f1284808b79eb3896a70b80d/download', 'https://sam.gov/api/prod/opps/v3/opportunities/resources/files/eb91b709da7a40f38ab3c7b4a992cc4d/download']"
Presolicitation,"Rail Curves Package 3 for MOTCO, CA","Concord, California",,"$6,000,000 and $9,000,000 | $6,000,000 | $9,000,000",W9123826BA011,,Total Small Business Set-Aside (FAR 19.5),2026-06-11T10:00:00-07:00,2026-05-28,237990,,https://sam.gov/workspace/contract/opp/c7ece123e4ff49b7af348d815aaa46be/view,Sources Sought,2026-06-26,OFFICE,021.2100.USACE.SPD.SPK.W91238,Yes,DEPT OF DEFENSE.DEPT OF THE ARMY.US ARMY CORPS OF ENGINEERS.ENGINEER DIVISION SOUTH PACIFIC.ENDIST SACRAMENTO.W075 ENDIST SACRAMENTO,237990,SBA,,
Presolicitation,Z2DA--FY26 NRM  590-24-115 Public Address System,"Hampton, Virginia",,"$2,000,000 and $5,000,000 | $19 million | $2,000,000",36C24626R0067,,Service-Disabled Veteran-Owned Small Business Set Aside,2026-07-13T09:00:00-04:00,2026-05-28,238210,{'awardee': {}},https://sam.gov/workspace/contract/opp/71a5a3c8e8134ea0b9d736ced39cb57d/view,Presolicitation,2026-10-20,OFFICE,036.3600.36C246,Yes,"VETERANS AFFAIRS, DEPARTMENT OF.VETERANS AFFAIRS, DEPARTMENT OF.246-NETWORK CONTRACTING OFFICE 6 (36C246)",238210,SDVOSBC,,['https://sam.gov/api/prod/opps/v3/opportunities/resources/files/8923c8ae07794336b3c5cdcfd2dbda30/download']
Presolicitation,"Y--Beresford Substation Stage 11, South Dakota",Not Specified,,,89503426BWA000068,,Total Small Business Set-Aside (FAR 19.5),2026-07-15T15:30:00-05:00,2026-05-29,237130,,https://sam.gov/workspace/contract/opp/a714afc3bd87454f95d27e77d19cd281/view,Presolicitation,2026-07-30,OFFICE,089.8900.895034,Yes,"ENERGY, DEPARTMENT OF.ENERGY, DEPARTMENT OF.WESTERN-UPPER GREAT PLAINS REGION",237130,SBA,,
Presolicitation,"Storage Building Parking Lot Installation and Paving, Buffumville Lake, Charlton, MA",Not Specified,,"$100,000 and $250,000 | $100,000 | $250,000",W912WJ26QA119,,Total Small Business Set-Aside (FAR 19.5),,2026-05-29,237310,,https://sam.gov/workspace/contract/opp/594f96a31eed4b05b0e37d09a2ab1c1c/view,Presolicitation,2026-06-20,OFFICE,021.2100.USACE.NAD.NAE.W912WJ,Yes,DEPT OF DEFENSE.DEPT OF THE ARMY.US ARMY CORPS OF ENGINEERS.ENGINEER DIVISION NORTH ATLANTIC.ENDIST NEW ENGLAND.W2SD ENDIST NEW ENGLAND,237310,SBA,,
Presolicitation,Conemaugh Dam Gantry Crane Machinery Housing Roof Replacement,"Saltsburg, Pennsylvania",,"$45,000,000.00",W911WN26BA008,,Total Small Business Set-Aside (FAR 19.5),,2026-05-29,237990,,https://sam.gov/workspace/contract/opp/f4abe79810544ceea4c7ba954cd9ab56/view,Presolicitation,2026-06-30,OFFICE,021.2100.USACE.LRD.LRP.W911WN,Yes,DEPT OF DEFENSE.DEPT OF THE ARMY.US ARMY CORPS OF ENGINEERS.ENGINEER DIVISION GREAT LAKES AND OHIO.ENDIST PITTSBURGH.W072 ENDIST PITTSBURGH,237990,SBA,,
Presolicitation,Levee Repair at MRLS L246,Not Specified,,"$1,000,000 and $5,000,000 | $1,000,000 | $5,000,000",PANNWD26P0000028054,,Total Small Business Set-Aside (FAR 19.5),,2026-05-28,237990,,https://sam.gov/workspace/contract/opp/10cbe47ec5c645bf8eb91ac3ed1eb296/view,Presolicitation,2027-05-28,OFFICE,021.2100.USACE.NWD.NWK.W912DQ,Yes,DEPT OF DEFENSE.DEPT OF THE ARMY.US ARMY CORPS OF ENGINEERS.ENGINEER DIVISION NORTHWESTERN.ENDIST KANSAS CITY.W071 ENDIST KANSAS CITY,237990,SBA,,
Solicitation,Z--Trail Replacement,Not Specified,,,140P6426B0002,,Total Small Business Set-Aside (FAR 19.5),2026-06-16T12:00:00-04:00,2026-06-01,237990,,https://sam.gov/workspace/contract/opp/d447146650e347a59f1ddd954182204a/view,Solicitation,2026-09-30,OFFICE,014.1443.140P64,Yes,"INTERIOR, DEPARTMENT OF THE.NATIONAL PARK SERVICE.MWR OHIO(64000)",237990,SBA,,
Solicitation,VA-RAPPAHANNOCK RIV NWR-WELL DRILLING,Not Specified,,,140FC226Q0033,,Total Small Business Set-Aside (FAR 19.5),2026-06-23T12:00:00-04:00,2026-06-01,237110,,https://sam.gov/workspace/contract/opp/85c26bf0a65c405a824c807e369747f5/view,Solicitation,2026-07-08,OFFICE,014.1448.140FC3,Yes,"INTERIOR, DEPARTMENT OF THE.US FISH AND WILDLIFE SERVICE.FWS, CONSTRUCTION A/E TEAM 3",237110,SBA,,
Presolicitation,Absecon Island Outfalls Repair,Not Specified,,,W912BU26BA026,,Total Small Business Set-Aside (FAR 19.5),2026-06-16T14:00:00-04:00,2026-06-01,237990,,https://sam.gov/workspace/contract/opp/b7578d12ae114e5ba59609a8613b0c9b/view,Presolicitation,2027-06-01,OFFICE,021.2100.USACE.NAD.NAP.W912BU,Yes,DEPT OF DEFENSE.DEPT OF THE ARMY.US ARMY CORPS OF ENGINEERS.ENGINEER DIVISION NORTH ATLANTIC.ENDIST PHILADELPHIA.W2SD ENDIST PHILADELPHIA,237990,SBA,,
Solicitation,"Memphis National Cemetery, National Shrine Project","Memphis, Tennessee",,,36C78626B0019,,Service-Disabled Veteran-Owned Small Business Set Aside,2026-06-12T15:00:00-05:00,2026-06-01,237990,,https://sam.gov/workspace/contract/opp/ca569f661bfc40b4a6c019bd97cf3d16/view,Solicitation,2026-08-03,OFFICE,036.3600.36C786,Yes,"VETERANS AFFAIRS, DEPARTMENT OF.VETERANS AFFAIRS, DEPARTMENT OF.NATIONAL CEMETERY ADMIN (36C786)",237990,SDVOSBC,,
Solicitation,North Texas Hospital Patient Porters,"San Antonio, Texas",,,36C25726Q0551,,Service-Disabled Veteran-Owned Small Business Set Aside,2026-06-15T10:00:00-05:00,2026-06-01,561210,,https://sam.gov/workspace/contract/opp/887df0832b4543af87408693565bae6b/view,Solicitation,2026-06-30,OFFICE,036.3600.36C257,Yes,"VETERANS AFFAIRS, DEPARTMENT OF.VETERANS AFFAIRS, DEPARTMENT OF.257-NETWORK CONTRACT OFFICE 17 (36C257)",561210,SDVOSBC,,
Solicitation,"Base Operations Support Contract (BOSC) for Naval Air Weapons Station (NAWS) China Lake, California and Other Locations as Approved",Not Specified,,$47 million,N6247326R9953,,Total Small Business Set-Aside (FAR 19.5),2026-07-10T14:00:00-07:00,2026-06-01,561210,,https://sam.gov/workspace/contract/opp/dffe8945885742fa8d7e016728bf7941/view,Solicitation,2027-06-01,OFFICE,017.1700.NAVFAC.NAVFAC PACIFIC CMD.NAVFAC SW.N62473,Yes,DEPT OF DEFENSE.DEPT OF THE NAVY.NAVFAC.NAVFAC PACIFIC CMD.NAVFAC SOUTHWEST SW.NAVFACSYSCOM SOUTHWEST,561210,SBA,,
Presolicitation,Z--NIFC 410B RSC FIRE ALARM REPLACE,Not Specified,,$19M,140L3726R0006,,Total Small Business Set-Aside (FAR 19.5),2026-08-28T17:00:00-06:00,2026-06-01,238210,,https://sam.gov/workspace/contract/opp/49dca8bce3ec4c11a4c1390b14fb16db/view,Presolicitation,2026-09-30,OFFICE,014.1422.140L37,Yes,"INTERIOR, DEPARTMENT OF THE.BUREAU OF LAND MANAGEMENT.NATIONAL INTERAGENCY FIRE CENTER",238210,SBA,,
Presolicitation,FY26 Brunswick Inner Harbor Dredging Project,Not Specified,,,W912HN26BA008,,Total Small Business Set-Aside (FAR 19.5),2026-06-15T13:00:00-04:00,2026-06-02,237990,,https://sam.gov/workspace/contract/opp/c959aa99ccfd4996ba6c47c04f4e5324/view,Presolicitation,2027-06-02,OFFICE,021.2100.USACE.SAD.SAS.W912HN,Yes,DEPT OF DEFENSE.DEPT OF THE ARMY.US ARMY CORPS OF ENGINEERS.ENGINEER DIVISION SOUTH ATLANTIC.ENDIST SAVANNAH.W074 ENDIST SAVANNAH,237990,SBA,,
Solicitation,FORT HOWES WATER STORAGE TANK,Not Specified,,,140L3626Q0032,,Total Small Business Set-Aside (FAR 19.5),2026-07-15T17:00:00-06:00,2026-06-02,237110,,https://sam.gov/workspace/contract/opp/d55bf8ae042544b4bd505a7f0586151d/view,Solicitation,2026-07-30,OFFICE,014.1422.140L36,Yes,"INTERIOR, DEPARTMENT OF THE.BUREAU OF LAND MANAGEMENT.MONTANA STATE OFFICE",237110,SBA,,
Solicitation,Z--ZION- Crawford Dam Removal and Diversion,Not Specified,,,140P6426B0008,,Total Small Business Set-Aside (FAR 19.5),2026-07-08T12:00:00-04:00,2026-06-02,237990,,https://sam.gov/workspace/contract/opp/139f0a92ba8f47a5b0602373141a1438/view,Solicitation,2026-09-30,OFFICE,014.1443.140P64,Yes,"INTERIOR, DEPARTMENT OF THE.NATIONAL PARK SERVICE.MWR OHIO(64000)",237990,SBA,,
Presolicitation,Repair Carswell Ave.,"DWG, Texas",,,FA301626FB0001,,Women-Owned Small Business,2026-06-17T12:00:00-05:00,2026-06-02,237310,,https://sam.gov/workspace/contract/opp/66130fb15e8d4691b3250d9416a65f12/view,Presolicitation,2026-07-02,OFFICE,057.5700.AETC.JBSA.FA3016,Yes,DEPT OF DEFENSE.DEPT OF THE AIR FORCE.AIR EDUCATION AND TRAINING COMMAND.JOINT BASE SAN ANTONIO.FA3016  502 CONS CL,237310,WOSB,,
Presolicitation,Z1DA--Project No. 552-26-202 - Replace Overhead Paging System,Not Specified,,,36C25026B0050,,Service-Disabled Veteran-Owned Small Business Set Aside,2026-06-17T10:00:00-04:00,2026-06-02,238210,{'awardee': {}},https://sam.gov/workspace/contract/opp/19a1cbc6d59c40ffb47bc3915e8da3ab/view,Presolicitation,2026-09-05,OFFICE,036.3600.36C250,Yes,"VETERANS AFFAIRS, DEPARTMENT OF.VETERANS AFFAIRS, DEPARTMENT OF.250-NETWORK CONTRACT OFFICE 10 (36C250)",238210,SDVOSBC,,
Solicitation,Range 13 ARF Upgrade,Not Specified,,,W91RUS26RA009,,Service-Disabled Veteran-Owned Small Business Set Aside,2026-06-16T12:00:00-07:00,2026-06-02,237990,,https://sam.gov/workspace/contract/opp/24e45d1854ec4aa28e45b27c7acc71b4/view,Solicitation,2027-06-02,OFFICE,021.2100.AMC.ACC.ACC-CTRS.ACC-APG.W91RUS,Yes,DEPT OF DEFENSE.DEPT OF THE ARMY.AMC.ACC.ACC-CTRS.ACC-APG.W6QK ACC-APG CONT CT SW SECTOR,237990,SDVOSBC,,
Solicitation,Crains Island Stage 3,Not Specified,,,W912P926BA007,,Total Small Business Set-Aside (FAR 19.5),2026-07-07T10:00:00-06:00,2026-06-03,237990,,https://sam.gov/workspace/contract/opp/5effa5821fb14ebe96ed596bba0147b9/view,Presolicitation,2027-06-03,OFFICE,021.2100.USACE.MVD.MVS.W912P9,Yes,DEPT OF DEFENSE.DEPT OF THE ARMY.US ARMY CORPS OF ENGINEERS.ENGINEER DIVISION MISSISSIPPI VALLEY.ENDIST ST LOUIS.W07V ENDIST ST LOUIS,237990,SBA,,
Solicitation,GC26 FIRE ALARM SYSTEM REPLACEMENT,Not Specified,,,140R4026R0010,,Total Small Business Set-Aside (FAR 19.5),2026-07-10T12:00:00-06:00,2026-06-03,238210,,https://sam.gov/workspace/contract/opp/726732a482d1413db5285bf4858f7953/view,Sources Sought,2026-07-25,OFFICE,014.1425.140R40,Yes,"INTERIOR, DEPARTMENT OF THE.BUREAU OF RECLAMATION.UPPER COLORADO REGIONAL OFFICE",238210,SBA,,
Presolicitation,Install 4 Corners Hydraulics at Dashields Locks and Dam,Not Specified,,"$45,000,000.00",W911WN26RA011,,Total Small Business Set-Aside (FAR 19.5),2026-06-18T17:00:00-04:00,2026-06-03,237990,,https://sam.gov/workspace/contract/opp/e362ca114d5a466cba1309d97834d546/view,Presolicitation,2027-06-03,OFFICE,021.2100.USACE.LRD.LRP.W911WN,Yes,DEPT OF DEFENSE.DEPT OF THE ARMY.US ARMY CORPS OF ENGINEERS.ENGINEER DIVISION GREAT LAKES AND OHIO.ENDIST PITTSBURGH.W072 ENDIST PITTSBURGH,237990,SBA,,
Presolicitation,Z--WACO Emergency Generator,"Waco, Texas",,"$25,000 and $100,000 | $25,000 | $100,000",140P6026Q0052,,Total Small Business Set-Aside (FAR 19.5),2026-06-18T12:00:00-05:00,2026-06-03,238210,,https://sam.gov/workspace/contract/opp/49fa717e928c48f7ab1f9d7edc4e0d46/view,Presolicitation,2026-07-03,OFFICE,014.1443.140P60,Yes,"INTERIOR, DEPARTMENT OF THE.NATIONAL PARK SERVICE.MWR MIDWEST REGION(60000)",238210,SBA,,
